-- MySQL dump 10.13  Distrib 5.6.21, for osx10.8 (x86_64)
--
-- Host: localhost    Database: ScheduleDB
-- ------------------------------------------------------
-- Server version	5.6.21

/*!40101 SET @OLD_CHARACTER_SET_CLIENT=@@CHARACTER_SET_CLIENT */;
/*!40101 SET @OLD_CHARACTER_SET_RESULTS=@@CHARACTER_SET_RESULTS */;
/*!40101 SET @OLD_COLLATION_CONNECTION=@@COLLATION_CONNECTION */;
/*!40101 SET NAMES utf8 */;
/*!40103 SET @OLD_TIME_ZONE=@@TIME_ZONE */;
/*!40103 SET TIME_ZONE='+00:00' */;
/*!40014 SET @OLD_UNIQUE_CHECKS=@@UNIQUE_CHECKS, UNIQUE_CHECKS=0 */;
/*!40014 SET @OLD_FOREIGN_KEY_CHECKS=@@FOREIGN_KEY_CHECKS, FOREIGN_KEY_CHECKS=0 */;
/*!40101 SET @OLD_SQL_MODE=@@SQL_MODE, SQL_MODE='NO_AUTO_VALUE_ON_ZERO' */;
/*!40111 SET @OLD_SQL_NOTES=@@SQL_NOTES, SQL_NOTES=0 */;

--
-- Table structure for table `auth_group`
--

DROP TABLE IF EXISTS `auth_group`;
/*!40101 SET @saved_cs_client     = @@character_set_client */;
/*!40101 SET character_set_client = utf8 */;
CREATE TABLE `auth_group` (
  `id` int(11) NOT NULL AUTO_INCREMENT,
  `name` varchar(80) COLLATE utf8_polish_ci NOT NULL,
  PRIMARY KEY (`id`),
  UNIQUE KEY `name` (`name`)
) ENGINE=InnoDB DEFAULT CHARSET=utf8 COLLATE=utf8_polish_ci;
/*!40101 SET character_set_client = @saved_cs_client */;

--
-- Dumping data for table `auth_group`
--

LOCK TABLES `auth_group` WRITE;
/*!40000 ALTER TABLE `auth_group` DISABLE KEYS */;
/*!40000 ALTER TABLE `auth_group` ENABLE KEYS */;
UNLOCK TABLES;

--
-- Table structure for table `auth_group_permissions`
--

DROP TABLE IF EXISTS `auth_group_permissions`;
/*!40101 SET @saved_cs_client     = @@character_set_client */;
/*!40101 SET character_set_client = utf8 */;
CREATE TABLE `auth_group_permissions` (
  `id` int(11) NOT NULL AUTO_INCREMENT,
  `group_id` int(11) NOT NULL,
  `permission_id` int(11) NOT NULL,
  PRIMARY KEY (`id`),
  UNIQUE KEY `group_id` (`group_id`,`permission_id`),
  KEY `auth_group_permissions_5f412f9a` (`group_id`),
  KEY `auth_group_permissions_83d7f98b` (`permission_id`),
  CONSTRAINT `group_id_refs_id_f4b32aac` FOREIGN KEY (`group_id`) REFERENCES `auth_group` (`id`),
  CONSTRAINT `permission_id_refs_id_6ba0f519` FOREIGN KEY (`permission_id`) REFERENCES `auth_permission` (`id`)
) ENGINE=InnoDB DEFAULT CHARSET=utf8 COLLATE=utf8_polish_ci;
/*!40101 SET character_set_client = @saved_cs_client */;

--
-- Dumping data for table `auth_group_permissions`
--

LOCK TABLES `auth_group_permissions` WRITE;
/*!40000 ALTER TABLE `auth_group_permissions` DISABLE KEYS */;
/*!40000 ALTER TABLE `auth_group_permissions` ENABLE KEYS */;
UNLOCK TABLES;

--
-- Table structure for table `auth_permission`
--

DROP TABLE IF EXISTS `auth_permission`;
/*!40101 SET @saved_cs_client     = @@character_set_client */;
/*!40101 SET character_set_client = utf8 */;
CREATE TABLE `auth_permission` (
  `id` int(11) NOT NULL AUTO_INCREMENT,
  `name` varchar(50) COLLATE utf8_polish_ci NOT NULL,
  `content_type_id` int(11) NOT NULL,
  `codename` varchar(100) COLLATE utf8_polish_ci NOT NULL,
  PRIMARY KEY (`id`),
  UNIQUE KEY `content_type_id` (`content_type_id`,`codename`),
  KEY `auth_permission_37ef4eb4` (`content_type_id`),
  CONSTRAINT `content_type_id_refs_id_d043b34a` FOREIGN KEY (`content_type_id`) REFERENCES `django_content_type` (`id`)
) ENGINE=InnoDB AUTO_INCREMENT=55 DEFAULT CHARSET=utf8 COLLATE=utf8_polish_ci;
/*!40101 SET character_set_client = @saved_cs_client */;

--
-- Dumping data for table `auth_permission`
--

LOCK TABLES `auth_permission` WRITE;
/*!40000 ALTER TABLE `auth_permission` DISABLE KEYS */;
INSERT INTO `auth_permission` VALUES (1,'Can add File category',1,'add_filecategory'),(2,'Can change File category',1,'change_filecategory'),(3,'Can delete File category',1,'delete_filecategory'),(4,'Can add File',2,'add_file'),(5,'Can change File',2,'change_file'),(6,'Can delete File',2,'delete_file'),(7,'Can add permission',3,'add_permission'),(8,'Can change permission',3,'change_permission'),(9,'Can delete permission',3,'delete_permission'),(10,'Can add group',4,'add_group'),(11,'Can change group',4,'change_group'),(12,'Can delete group',4,'delete_group'),(13,'Can add user',5,'add_user'),(14,'Can change user',5,'change_user'),(15,'Can delete user',5,'delete_user'),(16,'Can add content type',6,'add_contenttype'),(17,'Can change content type',6,'change_contenttype'),(18,'Can delete content type',6,'delete_contenttype'),(19,'Can add session',7,'add_session'),(20,'Can change session',7,'change_session'),(21,'Can delete session',7,'delete_session'),(22,'Can add site',8,'add_site'),(23,'Can change site',8,'change_site'),(24,'Can delete site',8,'delete_site'),(25,'Can add migration history',9,'add_migrationhistory'),(26,'Can change migration history',9,'change_migrationhistory'),(27,'Can delete migration history',9,'delete_migrationhistory'),(28,'Can add log entry',10,'add_logentry'),(29,'Can change log entry',10,'change_logentry'),(30,'Can delete log entry',10,'delete_logentry'),(31,'Can add Day time',11,'add_daytime'),(32,'Can change Day time',11,'change_daytime'),(33,'Can delete Day time',11,'delete_daytime'),(34,'Can add Subject',12,'add_subject'),(35,'Can change Subject',12,'change_subject'),(36,'Can delete Subject',12,'delete_subject'),(37,'Can add Group',13,'add_group'),(38,'Can change Group',13,'change_group'),(39,'Can delete Group',13,'delete_group'),(40,'Can add Faculty',14,'add_faculty'),(41,'Can change Faculty',14,'change_faculty'),(42,'Can delete Faculty',14,'delete_faculty'),(43,'Can add Room',15,'add_room'),(44,'Can change Room',15,'change_room'),(45,'Can delete Room',15,'delete_room'),(46,'Can add Teacher',16,'add_teacher'),(47,'Can change Teacher',16,'change_teacher'),(48,'Can delete Teacher',16,'delete_teacher'),(49,'Can add Consultations',17,'add_consultations'),(50,'Can change Consultations',17,'change_consultations'),(51,'Can delete Consultations',17,'delete_consultations'),(52,'Can add Schedule Entry',18,'add_schedule'),(53,'Can change Schedule Entry',18,'change_schedule'),(54,'Can delete Schedule Entry',18,'delete_schedule');
/*!40000 ALTER TABLE `auth_permission` ENABLE KEYS */;
UNLOCK TABLES;

--
-- Table structure for table `auth_user`
--

DROP TABLE IF EXISTS `auth_user`;
/*!40101 SET @saved_cs_client     = @@character_set_client */;
/*!40101 SET character_set_client = utf8 */;
CREATE TABLE `auth_user` (
  `id` int(11) NOT NULL AUTO_INCREMENT,
  `password` varchar(128) COLLATE utf8_polish_ci NOT NULL,
  `last_login` datetime NOT NULL,
  `is_superuser` tinyint(1) NOT NULL,
  `username` varchar(30) COLLATE utf8_polish_ci NOT NULL,
  `first_name` varchar(30) COLLATE utf8_polish_ci NOT NULL,
  `last_name` varchar(30) COLLATE utf8_polish_ci NOT NULL,
  `email` varchar(75) COLLATE utf8_polish_ci NOT NULL,
  `is_staff` tinyint(1) NOT NULL,
  `is_active` tinyint(1) NOT NULL,
  `date_joined` datetime NOT NULL,
  PRIMARY KEY (`id`),
  UNIQUE KEY `username` (`username`)
) ENGINE=InnoDB AUTO_INCREMENT=2 DEFAULT CHARSET=utf8 COLLATE=utf8_polish_ci;
/*!40101 SET character_set_client = @saved_cs_client */;

--
-- Dumping data for table `auth_user`
--

LOCK TABLES `auth_user` WRITE;
/*!40000 ALTER TABLE `auth_user` DISABLE KEYS */;
INSERT INTO `auth_user` VALUES (1,'pbkdf2_sha256$10000$ehOyYNTFwsvH$PVfO3EbqOewRlJLpFgT9owV25LO/GIIBfuD7M++2kLI=','2014-10-04 15:51:02',1,'root','','','r@o2.pl',1,1,'2014-10-04 15:50:40');
/*!40000 ALTER TABLE `auth_user` ENABLE KEYS */;
UNLOCK TABLES;

--
-- Table structure for table `auth_user_groups`
--

DROP TABLE IF EXISTS `auth_user_groups`;
/*!40101 SET @saved_cs_client     = @@character_set_client */;
/*!40101 SET character_set_client = utf8 */;
CREATE TABLE `auth_user_groups` (
  `id` int(11) NOT NULL AUTO_INCREMENT,
  `user_id` int(11) NOT NULL,
  `group_id` int(11) NOT NULL,
  PRIMARY KEY (`id`),
  UNIQUE KEY `user_id` (`user_id`,`group_id`),
  KEY `auth_user_groups_6340c63c` (`user_id`),
  KEY `auth_user_groups_5f412f9a` (`group_id`),
  CONSTRAINT `group_id_refs_id_274b862c` FOREIGN KEY (`group_id`) REFERENCES `auth_group` (`id`),
  CONSTRAINT `user_id_refs_id_40c41112` FOREIGN KEY (`user_id`) REFERENCES `auth_user` (`id`)
) ENGINE=InnoDB DEFAULT CHARSET=utf8 COLLATE=utf8_polish_ci;
/*!40101 SET character_set_client = @saved_cs_client */;

--
-- Dumping data for table `auth_user_groups`
--

LOCK TABLES `auth_user_groups` WRITE;
/*!40000 ALTER TABLE `auth_user_groups` DISABLE KEYS */;
/*!40000 ALTER TABLE `auth_user_groups` ENABLE KEYS */;
UNLOCK TABLES;

--
-- Table structure for table `auth_user_user_permissions`
--

DROP TABLE IF EXISTS `auth_user_user_permissions`;
/*!40101 SET @saved_cs_client     = @@character_set_client */;
/*!40101 SET character_set_client = utf8 */;
CREATE TABLE `auth_user_user_permissions` (
  `id` int(11) NOT NULL AUTO_INCREMENT,
  `user_id` int(11) NOT NULL,
  `permission_id` int(11) NOT NULL,
  PRIMARY KEY (`id`),
  UNIQUE KEY `user_id` (`user_id`,`permission_id`),
  KEY `auth_user_user_permissions_6340c63c` (`user_id`),
  KEY `auth_user_user_permissions_83d7f98b` (`permission_id`),
  CONSTRAINT `permission_id_refs_id_35d9ac25` FOREIGN KEY (`permission_id`) REFERENCES `auth_permission` (`id`),
  CONSTRAINT `user_id_refs_id_4dc23c39` FOREIGN KEY (`user_id`) REFERENCES `auth_user` (`id`)
) ENGINE=InnoDB DEFAULT CHARSET=utf8 COLLATE=utf8_polish_ci;
/*!40101 SET character_set_client = @saved_cs_client */;

--
-- Dumping data for table `auth_user_user_permissions`
--

LOCK TABLES `auth_user_user_permissions` WRITE;
/*!40000 ALTER TABLE `auth_user_user_permissions` DISABLE KEYS */;
/*!40000 ALTER TABLE `auth_user_user_permissions` ENABLE KEYS */;
UNLOCK TABLES;

--
-- Table structure for table `django_admin_log`
--

DROP TABLE IF EXISTS `django_admin_log`;
/*!40101 SET @saved_cs_client     = @@character_set_client */;
/*!40101 SET character_set_client = utf8 */;
CREATE TABLE `django_admin_log` (
  `id` int(11) NOT NULL AUTO_INCREMENT,
  `action_time` datetime NOT NULL,
  `user_id` int(11) NOT NULL,
  `content_type_id` int(11) DEFAULT NULL,
  `object_id` longtext COLLATE utf8_polish_ci,
  `object_repr` varchar(200) COLLATE utf8_polish_ci NOT NULL,
  `action_flag` smallint(5) unsigned NOT NULL,
  `change_message` longtext COLLATE utf8_polish_ci NOT NULL,
  PRIMARY KEY (`id`),
  KEY `django_admin_log_6340c63c` (`user_id`),
  KEY `django_admin_log_37ef4eb4` (`content_type_id`),
  CONSTRAINT `content_type_id_refs_id_93d2d1f8` FOREIGN KEY (`content_type_id`) REFERENCES `django_content_type` (`id`),
  CONSTRAINT `user_id_refs_id_c0d12874` FOREIGN KEY (`user_id`) REFERENCES `auth_user` (`id`)
) ENGINE=InnoDB AUTO_INCREMENT=21 DEFAULT CHARSET=utf8 COLLATE=utf8_polish_ci;
/*!40101 SET character_set_client = @saved_cs_client */;

--
-- Dumping data for table `django_admin_log`
--

LOCK TABLES `django_admin_log` WRITE;
/*!40000 ALTER TABLE `django_admin_log` DISABLE KEYS */;
INSERT INTO `django_admin_log` VALUES (1,'2014-10-04 15:53:43',1,18,'1','Monday 8-9 Mathematics I wyk.',3,''),(2,'2014-10-04 15:54:09',1,18,'6','Monday 9-10 Mathematics I wyk.',3,''),(3,'2014-10-04 15:54:09',1,18,'5','Friday 8-9 Management ',3,''),(4,'2014-10-04 15:54:09',1,18,'4','Thursday 8-9 Engineering Design I ćw.',3,''),(5,'2014-10-04 15:54:09',1,18,'3','Wednesday 8-9 Engineering Physics-Mechanics I ćw.',3,''),(6,'2014-10-04 15:54:09',1,18,'2','Tuesday 8-9 Engineering Design I  wyk.',3,''),(7,'2014-10-04 18:30:27',1,16,'6','B. Karwowska',2,'Changed surname, name, degree and faculty.'),(8,'2014-10-04 18:31:22',1,16,'6','Karwowska B.',2,'Changed surname and name.'),(9,'2014-10-05 08:25:00',1,14,'78','/ITM/',2,'Changed name.'),(10,'2014-10-05 08:25:17',1,14,'74','/IISI/',2,'Changed name.'),(11,'2014-10-05 08:25:36',1,14,'71','/IMC/',2,'Changed name.'),(12,'2014-10-05 08:25:49',1,14,'73','/ITM/',2,'Changed name.'),(13,'2014-10-05 08:26:04',1,14,'76','/ITM/',2,'Changed name.'),(14,'2014-10-05 08:27:04',1,16,'884','Cieślińska-Gąsior Ilona',2,'Changed surname, name and degree.'),(15,'2014-10-05 08:28:59',1,14,'80','IiOŚ',1,''),(16,'2014-10-05 08:29:02',1,16,'727','Karwowska Beata',2,'Changed surname, name, degree and faculty.'),(17,'2014-10-05 08:30:44',1,14,'81','/WIPiFS/',1,''),(18,'2014-10-05 08:30:47',1,16,'844','Kaczmarzyk Tomasz',2,'Changed degree and faculty.'),(19,'2014-10-05 08:31:48',1,16,'770','Kijo-Kleczkowska Agnieszka',2,'Changed degree and faculty.'),(20,'2014-10-05 08:33:53',1,16,'905','Kosowska-Golachowska Monika',2,'Changed name and degree.');
/*!40000 ALTER TABLE `django_admin_log` ENABLE KEYS */;
UNLOCK TABLES;

--
-- Table structure for table `django_content_type`
--

DROP TABLE IF EXISTS `django_content_type`;
/*!40101 SET @saved_cs_client     = @@character_set_client */;
/*!40101 SET character_set_client = utf8 */;
CREATE TABLE `django_content_type` (
  `id` int(11) NOT NULL AUTO_INCREMENT,
  `name` varchar(100) COLLATE utf8_polish_ci NOT NULL,
  `app_label` varchar(100) COLLATE utf8_polish_ci NOT NULL,
  `model` varchar(100) COLLATE utf8_polish_ci NOT NULL,
  PRIMARY KEY (`id`),
  UNIQUE KEY `app_label` (`app_label`,`model`)
) ENGINE=InnoDB AUTO_INCREMENT=19 DEFAULT CHARSET=utf8 COLLATE=utf8_polish_ci;
/*!40101 SET character_set_client = @saved_cs_client */;

--
-- Dumping data for table `django_content_type`
--

LOCK TABLES `django_content_type` WRITE;
/*!40000 ALTER TABLE `django_content_type` DISABLE KEYS */;
INSERT INTO `django_content_type` VALUES (1,'File category','downloader','filecategory'),(2,'File','downloader','file'),(3,'permission','auth','permission'),(4,'group','auth','group'),(5,'user','auth','user'),(6,'content type','contenttypes','contenttype'),(7,'session','sessions','session'),(8,'site','sites','site'),(9,'migration history','south','migrationhistory'),(10,'log entry','admin','logentry'),(11,'Day time','main','daytime'),(12,'Subject','main','subject'),(13,'Group','main','group'),(14,'Faculty','main','faculty'),(15,'Room','main','room'),(16,'Teacher','main','teacher'),(17,'Consultations','main','consultations'),(18,'Schedule Entry','main','schedule');
/*!40000 ALTER TABLE `django_content_type` ENABLE KEYS */;
UNLOCK TABLES;

--
-- Table structure for table `django_session`
--

DROP TABLE IF EXISTS `django_session`;
/*!40101 SET @saved_cs_client     = @@character_set_client */;
/*!40101 SET character_set_client = utf8 */;
CREATE TABLE `django_session` (
  `session_key` varchar(40) COLLATE utf8_polish_ci NOT NULL,
  `session_data` longtext COLLATE utf8_polish_ci NOT NULL,
  `expire_date` datetime NOT NULL,
  PRIMARY KEY (`session_key`),
  KEY `django_session_b7b81f0c` (`expire_date`)
) ENGINE=InnoDB DEFAULT CHARSET=utf8 COLLATE=utf8_polish_ci;
/*!40101 SET character_set_client = @saved_cs_client */;

--
-- Dumping data for table `django_session`
--

LOCK TABLES `django_session` WRITE;
/*!40000 ALTER TABLE `django_session` DISABLE KEYS */;
INSERT INTO `django_session` VALUES ('6akn71poze0wb3n8ddj591vzzkr1zg04','NGRhODAwZjVlNzQ1MzYwZGYzYjc1YWFkYmZmMWQ3ZjYxYzk0YjI3ZTp7Il9hdXRoX3VzZXJfYmFja2VuZCI6ImRqYW5nby5jb250cmliLmF1dGguYmFja2VuZHMuTW9kZWxCYWNrZW5kIiwiX2F1dGhfdXNlcl9pZCI6MX0=','2014-10-18 15:51:02');
/*!40000 ALTER TABLE `django_session` ENABLE KEYS */;
UNLOCK TABLES;

--
-- Table structure for table `django_site`
--

DROP TABLE IF EXISTS `django_site`;
/*!40101 SET @saved_cs_client     = @@character_set_client */;
/*!40101 SET character_set_client = utf8 */;
CREATE TABLE `django_site` (
  `id` int(11) NOT NULL AUTO_INCREMENT,
  `domain` varchar(100) COLLATE utf8_polish_ci NOT NULL,
  `name` varchar(50) COLLATE utf8_polish_ci NOT NULL,
  PRIMARY KEY (`id`)
) ENGINE=InnoDB AUTO_INCREMENT=2 DEFAULT CHARSET=utf8 COLLATE=utf8_polish_ci;
/*!40101 SET character_set_client = @saved_cs_client */;

--
-- Dumping data for table `django_site`
--

LOCK TABLES `django_site` WRITE;
/*!40000 ALTER TABLE `django_site` DISABLE KEYS */;
INSERT INTO `django_site` VALUES (1,'example.com','example.com');
/*!40000 ALTER TABLE `django_site` ENABLE KEYS */;
UNLOCK TABLES;

--
-- Table structure for table `downloader_file`
--

DROP TABLE IF EXISTS `downloader_file`;
/*!40101 SET @saved_cs_client     = @@character_set_client */;
/*!40101 SET character_set_client = utf8 */;
CREATE TABLE `downloader_file` (
  `id` int(11) NOT NULL AUTO_INCREMENT,
  `file_name` varchar(255) COLLATE utf8_polish_ci NOT NULL,
  `file_url` varchar(200) COLLATE utf8_polish_ci NOT NULL,
  `file` varchar(100) COLLATE utf8_polish_ci DEFAULT NULL,
  `addition_time` datetime NOT NULL,
  `category_id` int(11) DEFAULT NULL,
  PRIMARY KEY (`id`),
  KEY `downloader_file_6f33f001` (`category_id`),
  CONSTRAINT `category_id_refs_id_876f3760` FOREIGN KEY (`category_id`) REFERENCES `downloader_filecategory` (`id`)
) ENGINE=InnoDB AUTO_INCREMENT=2 DEFAULT CHARSET=utf8 COLLATE=utf8_polish_ci;
/*!40101 SET character_set_client = @saved_cs_client */;

--
-- Dumping data for table `downloader_file`
--

LOCK TABLES `downloader_file` WRITE;
/*!40000 ALTER TABLE `downloader_file` DISABLE KEYS */;
INSERT INTO `downloader_file` VALUES (1,'groups.txt','http://wimii.pcz.pl/download/plan_stacjonarny/plan1.html','uploads/schedules/2014-10/groups_4.txt','2014-10-04 15:52:44',1);
/*!40000 ALTER TABLE `downloader_file` ENABLE KEYS */;
UNLOCK TABLES;

--
-- Table structure for table `downloader_filecategory`
--

DROP TABLE IF EXISTS `downloader_filecategory`;
/*!40101 SET @saved_cs_client     = @@character_set_client */;
/*!40101 SET character_set_client = utf8 */;
CREATE TABLE `downloader_filecategory` (
  `id` int(11) NOT NULL AUTO_INCREMENT,
  `name` varchar(255) COLLATE utf8_polish_ci NOT NULL,
  `code_name` varchar(255) COLLATE utf8_polish_ci NOT NULL,
  `is_active` tinyint(1) NOT NULL,
  PRIMARY KEY (`id`)
) ENGINE=InnoDB AUTO_INCREMENT=2 DEFAULT CHARSET=utf8 COLLATE=utf8_polish_ci;
/*!40101 SET character_set_client = @saved_cs_client */;

--
-- Dumping data for table `downloader_filecategory`
--

LOCK TABLES `downloader_filecategory` WRITE;
/*!40000 ALTER TABLE `downloader_filecategory` DISABLE KEYS */;
INSERT INTO `downloader_filecategory` VALUES (1,'groups','groups_from_wimii',1);
/*!40000 ALTER TABLE `downloader_filecategory` ENABLE KEYS */;
UNLOCK TABLES;

--
-- Table structure for table `main_consultations`
--

DROP TABLE IF EXISTS `main_consultations`;
/*!40101 SET @saved_cs_client     = @@character_set_client */;
/*!40101 SET character_set_client = utf8 */;
CREATE TABLE `main_consultations` (
  `id` int(11) NOT NULL AUTO_INCREMENT,
  `teacher_id` int(11) NOT NULL,
  `faculty_id` int(11) NOT NULL,
  `hour_id` int(11) NOT NULL,
  PRIMARY KEY (`id`),
  KEY `main_consultations_c12e9d48` (`teacher_id`),
  KEY `main_consultations_751372a1` (`faculty_id`),
  KEY `main_consultations_16b0bb8a` (`hour_id`),
  CONSTRAINT `faculty_id_refs_id_8c97ad90` FOREIGN KEY (`faculty_id`) REFERENCES `main_faculty` (`id`),
  CONSTRAINT `hour_id_refs_id_81888bae` FOREIGN KEY (`hour_id`) REFERENCES `main_daytime` (`id`),
  CONSTRAINT `teacher_id_refs_id_0d3ce8ab` FOREIGN KEY (`teacher_id`) REFERENCES `main_teacher` (`id`)
) ENGINE=InnoDB DEFAULT CHARSET=utf8 COLLATE=utf8_polish_ci;
/*!40101 SET character_set_client = @saved_cs_client */;

--
-- Dumping data for table `main_consultations`
--

LOCK TABLES `main_consultations` WRITE;
/*!40000 ALTER TABLE `main_consultations` DISABLE KEYS */;
/*!40000 ALTER TABLE `main_consultations` ENABLE KEYS */;
UNLOCK TABLES;

--
-- Table structure for table `main_daytime`
--

DROP TABLE IF EXISTS `main_daytime`;
/*!40101 SET @saved_cs_client     = @@character_set_client */;
/*!40101 SET character_set_client = utf8 */;
CREATE TABLE `main_daytime` (
  `id` int(11) NOT NULL AUTO_INCREMENT,
  `day` int(11) NOT NULL,
  `hour` int(11) NOT NULL,
  PRIMARY KEY (`id`)
) ENGINE=InnoDB AUTO_INCREMENT=61 DEFAULT CHARSET=utf8 COLLATE=utf8_polish_ci;
/*!40101 SET character_set_client = @saved_cs_client */;

--
-- Dumping data for table `main_daytime`
--

LOCK TABLES `main_daytime` WRITE;
/*!40000 ALTER TABLE `main_daytime` DISABLE KEYS */;
INSERT INTO `main_daytime` VALUES (1,0,0),(2,1,0),(3,2,0),(4,3,0),(5,4,0),(6,0,1),(7,1,1),(8,2,1),(9,3,1),(10,4,1),(11,0,2),(12,1,2),(13,2,2),(14,3,2),(15,4,2),(16,0,3),(17,1,3),(18,2,3),(19,3,3),(20,4,3),(21,0,4),(22,1,4),(23,2,4),(24,3,4),(25,4,4),(26,0,5),(27,1,5),(28,2,5),(29,3,5),(30,4,5),(31,0,6),(32,1,6),(33,2,6),(34,3,6),(35,4,6),(36,0,7),(37,1,7),(38,2,7),(39,3,7),(40,4,7),(41,0,8),(42,1,8),(43,2,8),(44,3,8),(45,4,8),(46,0,9),(47,1,9),(48,2,9),(49,3,9),(50,4,9),(51,0,10),(52,1,10),(53,2,10),(54,3,10),(55,4,10),(56,0,11),(57,1,11),(58,2,11),(59,3,11),(60,4,11);
/*!40000 ALTER TABLE `main_daytime` ENABLE KEYS */;
UNLOCK TABLES;

--
-- Table structure for table `main_faculty`
--

DROP TABLE IF EXISTS `main_faculty`;
/*!40101 SET @saved_cs_client     = @@character_set_client */;
/*!40101 SET character_set_client = utf8 */;
CREATE TABLE `main_faculty` (
  `id` int(11) NOT NULL AUTO_INCREMENT,
  `name` varchar(45) COLLATE utf8_polish_ci NOT NULL,
  `full_name` varchar(255) COLLATE utf8_polish_ci NOT NULL,
  `address` varchar(100) COLLATE utf8_polish_ci NOT NULL,
  `phone_number` varchar(12) COLLATE utf8_polish_ci NOT NULL,
  PRIMARY KEY (`id`)
) ENGINE=InnoDB AUTO_INCREMENT=82 DEFAULT CHARSET=utf8 COLLATE=utf8_polish_ci;
/*!40101 SET character_set_client = @saved_cs_client */;

--
-- Dumping data for table `main_faculty`
--

LOCK TABLES `main_faculty` WRITE;
/*!40000 ALTER TABLE `main_faculty` DISABLE KEYS */;
INSERT INTO `main_faculty` VALUES (62,'/ITM/','','',''),(63,'/IM/','','',''),(64,'/IITiS/','','',''),(65,'/IMC/','','',''),(66,'/IMiPKM/','','',''),(67,'/IISI/','','',''),(68,'Prof.','','',''),(69,'Dr','','',''),(70,'PCz/','','',''),(71,'/IMC/','','',''),(72,'/IM','','',''),(73,'/ITM/','','',''),(74,'/IISI/','','',''),(75,'med.','','',''),(76,'/ITM/','','',''),(77,'/IMiPKM','','',''),(78,'/ITM/','','',''),(79,'/IMT/','','',''),(80,'IiOŚ','','',''),(81,'/WIPiFS/','','','');
/*!40000 ALTER TABLE `main_faculty` ENABLE KEYS */;
UNLOCK TABLES;

--
-- Table structure for table `main_group`
--

DROP TABLE IF EXISTS `main_group`;
/*!40101 SET @saved_cs_client     = @@character_set_client */;
/*!40101 SET character_set_client = utf8 */;
CREATE TABLE `main_group` (
  `id` int(11) NOT NULL AUTO_INCREMENT,
  `group_name` varchar(255) COLLATE utf8_polish_ci DEFAULT NULL,
  `group_nr` int(11) DEFAULT NULL,
  `degree` int(11) DEFAULT NULL,
  `field_of_study` varchar(50) COLLATE utf8_polish_ci NOT NULL,
  `semester` int(11) DEFAULT NULL,
  `specialization` varchar(100) COLLATE utf8_polish_ci NOT NULL,
  PRIMARY KEY (`id`)
) ENGINE=InnoDB AUTO_INCREMENT=88 DEFAULT CHARSET=utf8 COLLATE=utf8_polish_ci;
/*!40101 SET character_set_client = @saved_cs_client */;

--
-- Dumping data for table `main_group`
--

LOCK TABLES `main_group` WRITE;
/*!40000 ALTER TABLE `main_group` DISABLE KEYS */;
INSERT INTO `main_group` VALUES (1,'Doktoranckie sem. 1',NULL,NULL,'',NULL,''),(2,'Doktoranckie sem. 3',NULL,NULL,'',NULL,''),(3,'Doktoranckie sem. 5',NULL,NULL,'',NULL,''),(4,'Doktoranckie sem. 7',NULL,NULL,'',NULL,''),(5,'EFE sem. I',NULL,NULL,'',NULL,''),(6,'EFE sem. III',NULL,NULL,'',NULL,''),(7,'EFE sem. V Specializations CMS',NULL,NULL,'',NULL,''),(8,'EFE sem. VII Specializations CMS',NULL,NULL,'',NULL,''),(9,'MIBM+MTR+ENE+IB I-go st.sem.1 gr.dziekańska 1 lab1',NULL,NULL,'',NULL,''),(10,'MIBM+MTR+ENE+IB I-go st.sem.1 gr.dziekańska 1 lab2',NULL,NULL,'',NULL,''),(11,'MIBM+MTR+ENE+IB I-go st.sem.1 gr.dziekańska 2 lab3',NULL,NULL,'',NULL,''),(12,'MIBM+MTR+ENE+IB I-go st.sem.1 gr.dziekańska 2 lab4',NULL,NULL,'',NULL,''),(13,'MIBM+MTR+ENE+IB I-go st.sem.1 gr.dziekańska 3 lab5',NULL,NULL,'',NULL,''),(14,'MIBM+MTR+ENE+IB I-go st.sem.1 gr.dziekańska 3 lab6',NULL,NULL,'',NULL,''),(15,'MIBM+MTR+ENE+IB I-go st.sem.1 gr.dziekańska 4 lab7',NULL,NULL,'',NULL,''),(16,'MIBM+MTR+ENE+IB I-go st.sem.1 gr.dziekańska 4 lab8',NULL,NULL,'',NULL,''),(17,'MIBM+MTR+ENE+IB I-go st.sem.1 gr.dziekańska 5 lab9',NULL,NULL,'',NULL,''),(18,'MIBM+MTR+ENE+IB I-go st.sem.1gr.dziekańska 5 lab10',NULL,NULL,'',NULL,''),(19,'Energetyka I -go st. sem. 3 gr. dziekańska 1 lab.1',NULL,NULL,'',NULL,''),(20,'Energetyka I -go st. sem. 3 gr. dziekańska 1 lab.2',NULL,NULL,'',NULL,''),(21,'Energetyka .I -go st. sem. 5 RSE gr. 1',NULL,NULL,'',NULL,''),(22,'Energetyka  I -go st. sem. 5 RSE gr. 2',NULL,NULL,'',NULL,''),(23,'Energetyka I -go st. sem. 7 RSE  gr. 1',NULL,NULL,'',NULL,''),(24,'Energetyka I -go st. sem. 7 RSE  gr. 2',NULL,NULL,'',NULL,''),(25,'Informatyka I-go st sem.1 gr.1',NULL,NULL,'',NULL,''),(26,'Informatyka I-go st sem.1 gr.2',NULL,NULL,'',NULL,''),(27,'Informatyka I-go st sem.1 gr.3',NULL,NULL,'',NULL,''),(28,'Informatyka I-go st sem.1 gr.4',NULL,NULL,'',NULL,''),(29,'Informatyka I-go st sem.1 gr.5',NULL,NULL,'',NULL,''),(30,'Informatyka I-go st sem.3 gr. dziekańska 1 lab.1',NULL,NULL,'',NULL,''),(31,'Informatyka I-go st sem.3 gr. dziekańska 1 lab.2',NULL,NULL,'',NULL,''),(32,'Informatyka.I-go st sem.3 gr. dziekańska 2 lab.3',NULL,NULL,'',NULL,''),(33,'Informatyka.I-go st sem.3 gr. dziekańska 2 lab.4',NULL,NULL,'',NULL,''),(34,'Informatyka.I-go st sem.3 gr. dziekańska 3 lab.5',NULL,NULL,'',NULL,''),(35,'Informatyka I-go st sem.3 gr. dziekańska 3 lab.6',NULL,NULL,'',NULL,''),(36,'Informatyka I-go st sem.3 gr. dziekańska 4 lab.7',NULL,NULL,'',NULL,''),(37,'Informatyka I-go st sem.3 gr. dziekańska 4 lab.8',NULL,NULL,'',NULL,''),(38,'Informatyka. I-go st. sem.5 IO gr. lab 1',NULL,NULL,'',NULL,''),(39,'Informatyka. I-go st. sem.5 IO gr. lab 2',NULL,NULL,'',NULL,''),(40,'Informatyka. I-go st. sem.5 PAI gr. lab 1',NULL,NULL,'',NULL,''),(41,'Informatyka. I-go st. sem.5 PAI gr. lab 2',NULL,NULL,'',NULL,''),(42,'Informatyka. I-go st. sem.5 PAI gr. lab 3',NULL,NULL,'',NULL,''),(43,'Informatyka. I-go st. sem.5 SK gr lab.1',NULL,NULL,'',NULL,''),(44,'Informatyka. I-go st. sem.5 SK gr lab.2',NULL,NULL,'',NULL,''),(45,'Informatyka. I-go st. sem.7 IO gr. lab. 1',NULL,NULL,'',NULL,''),(46,'Informatyka. I-go st. sem.7 IO gr. lab. 2',NULL,NULL,'',NULL,''),(47,'Informatyka. I-go st. sem.7 PAI gr. lab. 1',NULL,NULL,'',NULL,''),(48,'Informatyka. I-go st. sem.7 PAI gr. lab. 2',NULL,NULL,'',NULL,''),(49,'Informatyka. I-go st. sem.7 SK',NULL,NULL,'',NULL,''),(50,'Informatyka. II-go st. sem.2 Z  ZSZiAD  gr. lab 1',NULL,NULL,'',NULL,''),(51,'Informatyka. II-go st. sem.2 Z   ZSZiAD gr. lab 2',NULL,NULL,'',NULL,''),(52,'Inż. Biom.I-go st. sem 3 gr. dziekańska 1 lab.1',NULL,NULL,'',NULL,''),(53,'Inż. Biom.I-go st. sem 3 gr. dziekańska 1 lab.2',NULL,NULL,'',NULL,''),(54,'Inżynieria Biomedyczna I-go st. sem 5 IR',NULL,NULL,'',NULL,''),(55,'Inżynieria Biomedyczna I-go st. sem 7 IR',NULL,NULL,'',NULL,''),(56,'Matematyka I-go st sem.1 gr.1',NULL,NULL,'',NULL,''),(57,'Matematyka  I-go st. sem.3',NULL,NULL,'',NULL,''),(58,'Matematyka  I-go st. sem.5 gr MFiU',NULL,NULL,'',NULL,''),(59,'Matematyka  I-go st. sem.5 gr MP',NULL,NULL,'',NULL,''),(60,'Matematyka  II-go st. sem.1 MFiU',NULL,NULL,'',NULL,''),(61,'Matematyka  II-go st. sem.3 MFiU gr. 1',NULL,NULL,'',NULL,''),(62,'Matematyka  II-go st. sem.3 MFiU gr. 2',NULL,NULL,'',NULL,''),(63,'MiBM I-go st. sem 3 gr. dziekańska 1 lab.1',NULL,NULL,'',NULL,''),(64,'MiBM I-go st. sem 3 gr. dziekańska 1 lab.2',NULL,NULL,'',NULL,''),(65,'MiBM I-go st. sem 3 gr. dziekańska 2 lab.3',NULL,NULL,'',NULL,''),(66,'MiBM I-go st. sem 3 gr. dziekańska 2 lab.4',NULL,NULL,'',NULL,''),(67,'MiBM I-go st. sem 3 gr. dziekańska 3 lab.5',NULL,NULL,'',NULL,''),(68,'MiBM I-go st. sem 3 gr. dziekańska 3 lab.6',NULL,NULL,'',NULL,''),(69,'MiBM I-go st. sem 5 KPMiU',NULL,NULL,'',NULL,''),(70,'MiBM I-go st. sem 5 PTP',NULL,NULL,'',NULL,''),(71,'MiBM I-go st. sem 5 Spawalnictwo',NULL,NULL,'',NULL,''),(72,'MiBM I-go st. sem 5 ICiS',NULL,NULL,'',NULL,''),(73,'MiBM I-go st. sem 7 APWiR',NULL,NULL,'',NULL,''),(74,'MiBM I-go st. sem 7 ICiS',NULL,NULL,'',NULL,''),(75,'MiBM I-go st. sem 7 KPMiU',NULL,NULL,'',NULL,''),(76,'MiBM I-go st. sem 7 PTSiS',NULL,NULL,'',NULL,''),(77,'MiBM II-go st. sem. 2 APWiR gr. lab. 1',NULL,NULL,'',NULL,''),(78,'MiBM II-go st. sem. 2 APWiR  gr. lab. 2',NULL,NULL,'',NULL,''),(79,'MiBM II-go st. sem. 2 PTP  gr. lab. 1',NULL,NULL,'',NULL,''),(80,'MiBM II-go st. sem. 2 PTP  gr. lab. 2',NULL,NULL,'',NULL,''),(81,'MiBM II-go st. sem. 3 ICiS',NULL,NULL,'',NULL,''),(82,'Mechatronika I-go st. sem 3 gr. 1',NULL,NULL,'',NULL,''),(83,'Mechatronika I-go st. sem 3 gr. 2',NULL,NULL,'',NULL,''),(84,'Mechatronika I-go st. sem 5 PSM',NULL,NULL,'',NULL,''),(85,'Mechatronika I-go st. sem 5 SS',NULL,NULL,'',NULL,''),(86,'Mechatronika I-go st. sem 7 PSM',NULL,NULL,'',NULL,''),(87,'Mechatronika I-go st. sem 7 SS',NULL,NULL,'',NULL,'');
/*!40000 ALTER TABLE `main_group` ENABLE KEYS */;
UNLOCK TABLES;

--
-- Table structure for table `main_room`
--

DROP TABLE IF EXISTS `main_room`;
/*!40101 SET @saved_cs_client     = @@character_set_client */;
/*!40101 SET character_set_client = utf8 */;
CREATE TABLE `main_room` (
  `id` int(11) NOT NULL AUTO_INCREMENT,
  `room_number` varchar(255) COLLATE utf8_polish_ci NOT NULL,
  `faculty_id` int(11) DEFAULT NULL,
  PRIMARY KEY (`id`),
  KEY `main_room_751372a1` (`faculty_id`),
  CONSTRAINT `faculty_id_refs_id_0aae2b23` FOREIGN KEY (`faculty_id`) REFERENCES `main_faculty` (`id`)
) ENGINE=InnoDB AUTO_INCREMENT=495 DEFAULT CHARSET=utf8 COLLATE=utf8_polish_ci;
/*!40101 SET character_set_client = @saved_cs_client */;

--
-- Dumping data for table `main_room`
--

LOCK TABLES `main_room` WRITE;
/*!40000 ALTER TABLE `main_room` DISABLE KEYS */;
INSERT INTO `main_room` VALUES (413,'s. B-2',NULL),(414,'s. A-1',NULL),(415,'s. A-4 ',NULL),(416,'s. 12 ',NULL),(417,'s. 210 ',NULL),(418,'s. 171 ',NULL),(419,'s. A-0',NULL),(420,'s. A-8',NULL),(421,'s.StJO',NULL),(422,'s. 519 ',NULL),(423,'s. A-13',NULL),(424,'s. StJO',NULL),(425,'s. A-11',NULL),(426,'s. 142 (WZ)',NULL),(427,'SJO',NULL),(428,'sala komputerowa w CWM',NULL),(429,'s. CWM',NULL),(430,'s. 43 ',NULL),(431,'s. 39 ',NULL),(432,'s. 174 ',NULL),(433,'s. D2 (WIŚiB)',NULL),(434,'s. 110 ',NULL),(435,'s. 122 ',NULL),(436,'s. 514 (WZ)',NULL),(437,'s. A3 (WIŚiB)',NULL),(438,'s. L4 (WIŚiB)',NULL),(439,'s. 10 ',NULL),(440,'s.2 ',NULL),(441,'s. B-3',NULL),(442,'s. B-1',NULL),(443,'s. 112 ',NULL),(444,'s. 15 ',NULL),(445,'s. A-12',NULL),(446,'s. 310 ',NULL),(447,'s. A-2',NULL),(448,'s. 221 ',NULL),(449,'s. 213 ',NULL),(450,'S.112 Wydział Elektryczny',NULL),(451,'s. 17 ',NULL),(452,'s. H1-7 ',NULL),(453,'s. 515 ',NULL),(454,'s. H1-10 ',NULL),(455,'s. 95 ',NULL),(456,'s. 514 ',NULL),(457,'s. 510 ',NULL),(458,'s. 507 ',NULL),(459,'s. 81 ',NULL),(460,'s. 62 ',NULL),(461,'s.10A ',NULL),(462,'s. 509 ',NULL),(463,'s. 84 ',NULL),(464,'s. 83 ',NULL),(465,'s. 82A ',NULL),(466,'s. 60 ',NULL),(467,'s. 124 ',NULL),(468,'1 zajęcia 10.10.2014  s.124',NULL),(469,'s. 10B ',NULL),(470,'s.39 ',NULL),(471,'s. 114 ',NULL),(472,'s. H2-10 ',NULL),(473,'s. 56 ',NULL),(474,'s. 59 ',NULL),(475,'s.309 ',NULL),(476,'s. A-21 ',NULL),(477,'s. A-25 ',NULL),(478,'s. A-9',NULL),(479,'s. H2-15 ',NULL),(480,'s. H2-8 ',NULL),(481,'s. 18 ',NULL),(482,'s. H2-6 ',NULL),(483,'s. H2-2 ',NULL),(484,'s. 39A ',NULL),(485,'s.114 ',NULL),(486,'s. K2 ',NULL),(487,'s. 215 ',NULL),(488,'s. 212 ',NULL),(489,'s. 05H ',NULL),(490,'s. 88 ',NULL),(491,'s. H2-11 ',NULL),(492,'s. H2-7 ',NULL),(493,'s',NULL),(494,' s. 124 ',NULL);
/*!40000 ALTER TABLE `main_room` ENABLE KEYS */;
UNLOCK TABLES;

--
-- Table structure for table `main_schedule`
--

DROP TABLE IF EXISTS `main_schedule`;
/*!40101 SET @saved_cs_client     = @@character_set_client */;
/*!40101 SET character_set_client = utf8 */;
CREATE TABLE `main_schedule` (
  `id` int(11) NOT NULL AUTO_INCREMENT,
  `subject_id` int(11) DEFAULT NULL,
  `day_time_id` int(11) DEFAULT NULL,
  `group_id` int(11) DEFAULT NULL,
  `room_id` int(11) DEFAULT NULL,
  PRIMARY KEY (`id`),
  KEY `main_schedule_56bb4187` (`subject_id`),
  KEY `main_schedule_f13349ba` (`day_time_id`),
  KEY `main_schedule_5f412f9a` (`group_id`),
  KEY `main_schedule_c9f5884f` (`room_id`),
  CONSTRAINT `day_time_id_refs_id_1e6c8fb7` FOREIGN KEY (`day_time_id`) REFERENCES `main_daytime` (`id`),
  CONSTRAINT `group_id_refs_id_c39a6195` FOREIGN KEY (`group_id`) REFERENCES `main_group` (`id`),
  CONSTRAINT `room_id_refs_id_f265be53` FOREIGN KEY (`room_id`) REFERENCES `main_room` (`id`),
  CONSTRAINT `subject_id_refs_id_032ff718` FOREIGN KEY (`subject_id`) REFERENCES `main_subject` (`id`)
) ENGINE=InnoDB AUTO_INCREMENT=14922 DEFAULT CHARSET=utf8 COLLATE=utf8_polish_ci;
/*!40101 SET character_set_client = @saved_cs_client */;

--
-- Dumping data for table `main_schedule`
--

LOCK TABLES `main_schedule` WRITE;
/*!40000 ALTER TABLE `main_schedule` DISABLE KEYS */;
INSERT INTO `main_schedule` VALUES (12786,1815,34,1,413),(12787,1816,39,1,413),(12788,1817,44,1,414),(12789,1817,49,1,414),(12790,1817,54,1,414),(12791,1817,59,1,414),(12792,1818,7,2,415),(12793,1819,12,2,414),(12794,1820,17,2,416),(12795,1821,22,2,417),(12796,1822,7,3,418),(12797,1823,12,3,419),(12798,1824,17,3,414),(12799,1825,22,3,420),(12800,1826,32,3,424),(12801,1826,37,3,424),(12802,1827,12,3,422),(12803,1828,17,3,415),(12804,1829,27,3,423),(12805,1830,12,4,415),(12806,1831,1,5,425),(12807,1832,2,5,418),(12808,1833,3,5,425),(12809,1834,4,5,418),(12810,1835,5,5,426),(12811,1831,6,5,425),(12812,1836,7,5,425),(12813,1833,8,5,425),(12814,1834,9,5,418),(12815,1835,10,5,426),(12816,1831,11,5,425),(12817,1836,12,5,425),(12818,1837,13,5,425),(12819,1834,14,5,418),(12820,1838,15,5,427),(12821,1839,17,5,425),(12822,1837,18,5,425),(12823,1838,20,5,427),(12824,1840,21,5,427),(12825,1839,22,5,425),(12826,1841,23,5,428),(12827,1840,26,5,427),(12828,1842,27,5,425),(12829,1843,28,5,428),(12830,1842,32,5,425),(12831,1844,4,6,426),(12832,1845,6,6,416),(12833,1846,7,6,429),(12834,1847,8,6,430),(12835,1844,9,6,426),(12836,1848,10,6,431),(12837,1845,11,6,416),(12838,1849,12,6,429),(12839,1847,13,6,430),(12840,1850,14,6,426),(12841,1851,15,6,432),(12842,1852,16,6,416),(12843,1849,17,6,429),(12844,1853,18,6,430),(12845,1854,19,6,425),(12846,1855,20,6,430),(12847,1856,21,6,416),(12848,1857,22,6,432),(12849,1858,23,6,430),(12850,1859,24,6,425),(12851,1855,25,6,430),(12852,1856,26,6,416),(12853,1857,27,6,432),(12854,1860,28,6,433),(12855,1861,29,6,429),(12856,1862,32,6,429),(12857,1861,34,6,429),(12858,1863,2,7,434),(12859,1864,3,7,435),(12860,1865,5,7,436),(12861,1863,7,7,434),(12862,1864,8,7,435),(12863,1866,9,7,435),(12864,1865,10,7,436),(12865,1867,12,7,437),(12866,1868,13,7,418),(12867,1866,14,7,435),(12868,1869,15,7,435),(12869,1867,17,7,437),(12870,1870,18,7,418),(12871,1871,20,7,429),(12872,1872,22,7,438),(12873,1870,23,7,439),(12874,1871,25,7,429),(12875,1872,27,7,438),(12876,1870,28,7,439),(12877,1873,30,7,429),(12878,1873,33,7,439),(12879,1873,35,7,429),(12880,1873,38,7,439),(12881,1874,1,8,439),(12882,1875,2,8,433),(12883,1874,6,8,439),(12884,1875,7,8,433),(12885,1876,8,8,426),(12886,1877,9,8,433),(12887,1878,10,8,418),(12888,1874,11,8,439),(12889,1875,12,8,433),(12890,1876,13,8,426),(12891,1877,14,8,433),(12892,1878,15,8,418),(12893,1879,16,8,439),(12894,1880,17,8,436),(12895,1876,18,8,426),(12896,1877,19,8,433),(12897,1878,20,8,418),(12898,1879,21,8,439),(12899,1881,22,8,436),(12900,1882,23,8,426),(12901,1883,25,8,439),(12902,1879,26,8,439),(12903,1881,27,8,436),(12904,1882,28,8,426),(12905,1883,30,8,439),(12906,1881,32,8,436),(12907,1882,33,8,426),(12908,1883,35,8,439),(12909,1884,2,9,440),(12910,1885,5,9,419),(12911,1884,7,9,440),(12912,1886,10,9,419),(12913,1887,11,9,441),(12914,1888,12,9,441),(12915,1889,13,9,415),(12916,1890,15,9,419),(12917,1887,16,9,441),(12918,1888,17,9,441),(12919,1889,18,9,415),(12920,1891,22,9,442),(12921,1892,23,9,442),(12922,1893,24,9,442),(12923,1891,27,9,442),(12924,1892,28,9,442),(12925,1893,29,9,442),(12926,1894,33,9,419),(12927,1894,38,9,419),(12928,1895,43,9,443),(12929,1895,48,9,443),(12930,1895,53,9,443),(12931,1885,5,10,419),(12932,1886,10,10,419),(12933,1887,11,10,441),(12934,1888,12,10,441),(12935,1889,13,10,415),(12936,1890,15,10,419),(12937,1887,16,10,441),(12938,1888,17,10,441),(12939,1889,18,10,415),(12940,1891,22,10,442),(12941,1892,23,10,442),(12942,1893,24,10,442),(12943,1891,27,10,442),(12944,1892,28,10,442),(12945,1893,29,10,442),(12946,1884,32,10,440),(12947,1894,33,10,419),(12948,1884,37,10,440),(12949,1894,38,10,419),(12950,1895,43,10,443),(12951,1895,48,10,443),(12952,1895,53,10,443),(12953,1896,1,11,443),(12954,1885,5,11,419),(12955,1896,6,11,443),(12956,1886,10,11,419),(12957,1896,11,11,443),(12958,1890,15,11,419),(12959,1891,22,11,442),(12960,1892,23,11,442),(12961,1893,24,11,442),(12962,1891,27,11,442),(12963,1892,28,11,442),(12964,1893,29,11,442),(12965,1897,30,11,413),(12966,1894,33,11,419),(12967,1884,34,11,440),(12968,1897,35,11,413),(12969,1898,37,11,441),(12970,1894,38,11,419),(12971,1884,39,11,440),(12972,1898,42,11,441),(12973,1899,43,11,441),(12974,1899,48,11,441),(12975,1896,1,12,443),(12976,1885,5,12,419),(12977,1896,6,12,443),(12978,1886,10,12,419),(12979,1896,11,12,443),(12980,1884,13,12,444),(12981,1890,15,12,419),(12982,1884,18,12,444),(12983,1891,22,12,442),(12984,1892,23,12,442),(12985,1893,24,12,442),(12986,1891,27,12,442),(12987,1892,28,12,442),(12988,1893,29,12,442),(12989,1897,30,12,413),(12990,1894,33,12,419),(12991,1897,35,12,413),(12992,1898,37,12,441),(12993,1894,38,12,419),(12994,1898,42,12,441),(12995,1899,43,12,441),(12996,1899,48,12,441),(12997,1884,3,13,440),(12998,1885,5,13,419),(12999,1884,8,13,440),(13000,1886,10,13,419),(13001,1900,13,13,445),(13002,1890,15,13,419),(13003,1901,16,13,443),(13004,1900,18,13,445),(13005,1901,21,13,443),(13006,1891,22,13,442),(13007,1892,23,13,442),(13008,1893,24,13,442),(13009,1901,26,13,443),(13010,1891,27,13,442),(13011,1892,28,13,442),(13012,1893,29,13,442),(13013,1902,31,13,446),(13014,1894,33,13,419),(13015,1903,34,13,446),(13016,1902,36,13,446),(13017,1894,38,13,419),(13018,1903,39,13,446),(13019,1885,5,14,419),(13020,1886,10,14,419),(13021,1884,12,14,444),(13022,1900,13,14,445),(13023,1890,15,14,419),(13024,1901,16,14,443),(13025,1884,17,14,444),(13026,1900,18,14,445),(13027,1901,21,14,443),(13028,1891,22,14,442),(13029,1892,23,14,442),(13030,1893,24,14,442),(13031,1901,26,14,443),(13032,1891,27,14,442),(13033,1892,28,14,442),(13034,1893,29,14,442),(13035,1902,31,14,446),(13036,1894,33,14,419),(13037,1903,34,14,446),(13038,1902,36,14,446),(13039,1894,38,14,419),(13040,1903,39,14,446),(13041,1884,3,15,444),(13042,1885,5,15,419),(13043,1884,8,15,444),(13044,1886,10,15,419),(13045,1904,12,15,446),(13046,1905,13,15,447),(13047,1890,15,15,419),(13048,1904,17,15,446),(13049,1905,18,15,447),(13050,1906,21,15,414),(13051,1891,22,15,442),(13052,1892,23,15,442),(13053,1893,24,15,442),(13054,1906,26,15,414),(13055,1891,27,15,442),(13056,1892,28,15,442),(13057,1893,29,15,442),(13058,1907,31,15,443),(13059,1894,33,15,419),(13060,1907,36,15,443),(13061,1894,38,15,419),(13062,1907,41,15,443),(13063,1885,5,16,419),(13064,1886,10,16,419),(13065,1904,12,16,446),(13066,1905,13,16,447),(13067,1890,15,16,419),(13068,1904,17,16,446),(13069,1905,18,16,447),(13070,1906,21,16,414),(13071,1891,22,16,442),(13072,1892,23,16,442),(13073,1893,24,16,442),(13074,1906,26,16,414),(13075,1891,27,16,442),(13076,1892,28,16,442),(13077,1893,29,16,442),(13078,1907,31,16,443),(13079,1884,32,16,444),(13080,1894,33,16,419),(13081,1907,36,16,443),(13082,1884,37,16,444),(13083,1894,38,16,419),(13084,1907,41,16,443),(13085,1908,1,17,414),(13086,1885,5,17,419),(13087,1908,6,17,414),(13088,1886,10,17,419),(13089,1909,11,17,414),(13090,1890,15,17,419),(13091,1909,16,17,414),(13092,1884,20,17,444),(13093,1891,22,17,442),(13094,1892,23,17,442),(13095,1893,24,17,442),(13096,1884,25,17,444),(13097,1891,27,17,442),(13098,1892,28,17,442),(13099,1893,29,17,442),(13100,1910,30,17,442),(13101,1894,33,17,419),(13102,1910,35,17,442),(13103,1911,37,17,443),(13104,1894,38,17,419),(13105,1911,42,17,443),(13106,1911,47,17,443),(13107,1908,1,18,414),(13108,1885,5,18,419),(13109,1908,6,18,414),(13110,1886,10,18,419),(13111,1909,11,18,414),(13112,1890,15,18,419),(13113,1909,16,18,414),(13114,1884,20,18,440),(13115,1891,22,18,442),(13116,1892,23,18,442),(13117,1893,24,18,442),(13118,1884,25,18,440),(13119,1891,27,18,442),(13120,1892,28,18,442),(13121,1893,29,18,442),(13122,1910,30,18,442),(13123,1894,33,18,419),(13124,1910,35,18,442),(13125,1911,37,18,443),(13126,1894,38,18,419),(13127,1911,42,18,443),(13128,1911,47,18,443),(13129,1912,1,19,417),(13130,1826,2,19,424),(13131,1913,3,19,420),(13132,1914,5,19,413),(13133,1912,6,19,417),(13134,1826,7,19,424),(13135,1913,8,19,420),(13136,1914,10,19,413),(13137,1915,11,19,419),(13138,1916,12,19,417),(13139,1917,13,19,NULL),(13140,1918,15,19,448),(13141,1919,16,19,419),(13142,1916,17,19,417),(13143,1920,18,19,NULL),(13144,1921,20,19,419),(13145,1922,23,19,443),(13146,1923,24,19,413),(13147,1924,27,19,419),(13148,1922,28,19,443),(13149,1923,29,19,413),(13150,1924,32,19,419),(13151,1925,33,19,416),(13152,1926,34,19,431),(13153,1927,37,19,417),(13154,1926,39,19,431),(13155,1927,42,19,417),(13156,1928,52,19,449),(13157,1928,57,19,449),(13158,1912,1,20,417),(13159,1826,2,20,424),(13160,1913,3,20,420),(13161,1914,5,20,413),(13162,1912,6,20,417),(13163,1826,7,20,424),(13164,1913,8,20,420),(13165,1914,10,20,413),(13166,1915,11,20,419),(13167,1916,12,20,417),(13168,1926,13,20,431),(13169,1918,15,20,448),(13170,1919,16,20,419),(13171,1916,17,20,417),(13172,1926,18,20,431),(13173,1921,20,20,419),(13174,1925,22,20,416),(13175,1923,24,20,413),(13176,1928,25,20,449),(13177,1924,27,20,419),(13178,1923,29,20,413),(13179,1928,30,20,449),(13180,1924,32,20,419),(13181,1922,34,20,443),(13182,1927,37,20,417),(13183,1922,39,20,443),(13184,1927,42,20,417),(13185,1929,2,21,417),(13186,1930,3,21,441),(13187,1929,7,21,417),(13188,1930,8,21,441),(13189,1826,12,21,424),(13190,1931,13,21,443),(13191,1932,15,21,416),(13192,1826,17,21,424),(13193,1931,18,21,443),(13194,1932,20,21,416),(13195,1933,21,21,417),(13196,1934,23,21,450),(13197,1933,26,21,417),(13198,1935,28,21,450),(13199,1936,31,21,417),(13200,1935,33,21,450),(13201,1937,35,21,434),(13202,1936,36,21,417),(13203,1938,38,21,416),(13204,1939,40,21,451),(13205,1940,41,21,417),(13206,1941,43,21,452),(13207,1940,46,21,417),(13208,1941,48,21,452),(13209,1929,2,22,417),(13210,1930,3,22,441),(13211,1929,7,22,417),(13212,1930,8,22,441),(13213,1931,11,22,443),(13214,1826,12,22,424),(13215,1939,13,22,451),(13216,1931,16,22,443),(13217,1826,17,22,424),(13218,1938,18,22,416),(13219,1933,21,22,417),(13220,1941,22,22,443),(13221,1934,23,22,450),(13222,1933,26,22,417),(13223,1941,27,22,443),(13224,1935,28,22,450),(13225,1936,31,22,417),(13226,1932,32,22,416),(13227,1935,33,22,450),(13228,1936,36,22,417),(13229,1932,37,22,416),(13230,1940,41,22,417),(13231,1937,42,22,434),(13232,1940,46,22,417),(13233,1942,3,23,417),(13234,1943,5,23,417),(13235,1942,8,23,417),(13236,1943,10,23,417),(13237,1942,13,23,417),(13238,1943,15,23,417),(13239,1944,16,23,420),(13240,1945,18,23,417),(13241,1946,20,23,417),(13242,1944,21,23,420),(13243,1945,23,23,417),(13244,1947,24,23,417),(13245,1946,25,23,417),(13246,1944,26,23,420),(13247,1948,28,23,417),(13248,1947,29,23,417),(13249,1949,30,23,417),(13250,1950,31,23,416),(13251,1948,33,23,417),(13252,1947,34,23,417),(13253,1949,35,23,417),(13254,1950,36,23,416),(13255,1948,38,23,417),(13256,1951,39,23,417),(13257,1950,41,23,416),(13258,1951,44,23,417),(13259,1950,2,24,416),(13260,1942,3,24,417),(13261,1943,5,24,417),(13262,1950,7,24,416),(13263,1942,8,24,417),(13264,1943,10,24,417),(13265,1950,12,24,416),(13266,1942,13,24,417),(13267,1943,15,24,417),(13268,1944,16,24,420),(13269,1945,18,24,417),(13270,1946,20,24,417),(13271,1944,21,24,420),(13272,1945,23,24,417),(13273,1947,24,24,417),(13274,1946,25,24,417),(13275,1944,26,24,420),(13276,1948,28,24,417),(13277,1947,29,24,417),(13278,1948,33,24,417),(13279,1947,34,24,417),(13280,1948,38,24,417),(13281,1951,39,24,417),(13282,1949,40,24,417),(13283,1951,44,24,417),(13284,1949,45,24,417),(13285,1952,1,25,413),(13286,1953,3,25,419),(13287,1952,6,25,413),(13288,1891,8,25,419),(13289,1954,11,25,413),(13290,1955,12,25,442),(13291,1891,13,25,419),(13292,1954,16,25,413),(13293,1956,17,25,419),(13294,1957,18,25,419),(13295,1958,21,25,413),(13296,1956,22,25,419),(13297,1957,23,25,419),(13298,1959,24,25,419),(13299,1958,26,25,413),(13300,1960,27,25,447),(13301,1961,28,25,419),(13302,1959,29,25,419),(13303,1960,32,25,447),(13304,1962,33,25,414),(13305,1963,34,25,419),(13306,1964,37,25,423),(13307,1965,38,25,NULL),(13308,1963,39,25,419),(13309,1964,42,25,423),(13310,1960,1,26,445),(13311,1953,3,26,419),(13312,1960,6,26,445),(13313,1891,8,26,419),(13314,1955,12,26,442),(13315,1891,13,26,419),(13316,1956,17,26,419),(13317,1957,18,26,419),(13318,1956,22,26,419),(13319,1957,23,26,419),(13320,1959,24,26,419),(13321,1958,27,26,441),(13322,1961,28,26,419),(13323,1959,29,26,419),(13324,1962,30,26,414),(13325,1958,32,26,441),(13326,1954,33,26,413),(13327,1963,34,26,419),(13328,1952,35,26,446),(13329,1965,37,26,435),(13330,1954,38,26,413),(13331,1963,39,26,419),(13332,1952,40,26,446),(13333,1964,44,26,445),(13334,1964,49,26,445),(13335,1953,3,27,419),(13336,1958,5,27,446),(13337,1891,8,27,419),(13338,1958,10,27,446),(13339,1955,12,27,442),(13340,1891,13,27,419),(13341,1956,17,27,419),(13342,1957,18,27,419),(13343,1952,20,27,413),(13344,1956,22,27,419),(13345,1957,23,27,419),(13346,1959,24,27,419),(13347,1952,25,27,413),(13348,1964,26,27,415),(13349,1962,27,27,414),(13350,1961,28,27,419),(13351,1959,29,27,419),(13352,1964,31,27,415),(13353,1965,32,27,423),(13354,1960,33,27,423),(13355,1963,34,27,419),(13356,1954,37,27,425),(13357,1960,38,27,423),(13358,1963,39,27,419),(13359,1954,42,27,425),(13360,1960,2,28,423),(13361,1953,3,28,419),(13362,1960,7,28,423),(13363,1891,8,28,419),(13364,1955,12,28,442),(13365,1891,13,28,419),(13366,1958,15,28,446),(13367,1956,17,28,419),(13368,1957,18,28,419),(13369,1958,20,28,446),(13370,1956,22,28,419),(13371,1957,23,28,419),(13372,1959,24,28,419),(13373,1962,25,28,415),(13374,1954,26,28,441),(13375,1965,27,28,435),(13376,1961,28,28,419),(13377,1959,29,28,419),(13378,1952,30,28,425),(13379,1954,31,28,441),(13380,1963,34,28,419),(13381,1952,35,28,425),(13382,1964,36,28,447),(13383,1963,39,28,419),(13384,1964,41,28,447),(13385,1954,2,29,445),(13386,1953,3,29,419),(13387,1960,5,29,415),(13388,1954,7,29,445),(13389,1891,8,29,419),(13390,1960,10,29,415),(13391,1955,12,29,442),(13392,1891,13,29,419),(13393,1965,15,29,415),(13394,1956,17,29,419),(13395,1957,18,29,419),(13396,1956,22,29,419),(13397,1957,23,29,419),(13398,1959,24,29,419),(13399,1961,28,29,419),(13400,1959,29,29,419),(13401,1962,32,29,414),(13402,1958,33,29,441),(13403,1963,34,29,419),(13404,1964,36,29,414),(13405,1958,38,29,441),(13406,1963,39,29,419),(13407,1964,41,29,414),(13408,1952,44,29,441),(13409,1952,49,29,441),(13410,1966,1,30,419),(13411,1967,3,30,453),(13412,1968,5,30,442),(13413,1966,6,30,419),(13414,1967,8,30,453),(13415,1968,10,30,442),(13416,1969,11,30,423),(13417,1970,12,30,453),(13418,1971,15,30,442),(13419,1969,16,30,423),(13420,1970,17,30,453),(13421,1971,20,30,442),(13422,1972,21,30,415),(13423,1826,22,30,424),(13424,1973,24,30,454),(13425,1974,25,30,442),(13426,1826,27,30,424),(13427,1973,29,30,454),(13428,1975,32,30,442),(13429,1976,34,30,455),(13430,1977,37,30,442),(13431,1976,39,30,455),(13432,1977,42,30,442),(13433,1966,1,31,419),(13434,1970,2,31,453),(13435,1968,5,31,442),(13436,1966,6,31,419),(13437,1970,7,31,453),(13438,1968,10,31,442),(13439,1969,11,31,423),(13440,1973,12,31,454),(13441,1967,13,31,453),(13442,1971,15,31,442),(13443,1969,16,31,423),(13444,1973,17,31,454),(13445,1967,18,31,453),(13446,1971,20,31,442),(13447,1972,21,31,415),(13448,1826,22,31,424),(13449,1976,24,31,455),(13450,1974,25,31,442),(13451,1826,27,31,424),(13452,1976,29,31,455),(13453,1975,32,31,442),(13454,1977,37,31,442),(13455,1977,42,31,442),(13456,1966,1,32,419),(13457,1968,5,32,442),(13458,1966,6,32,419),(13459,1968,10,32,442),(13460,1970,11,32,453),(13461,1976,12,32,455),(13462,1973,13,32,454),(13463,1971,15,32,442),(13464,1970,16,32,453),(13465,1976,17,32,455),(13466,1973,18,32,454),(13467,1971,20,32,442),(13468,1826,22,32,424),(13469,1967,23,32,453),(13470,1974,25,32,442),(13471,1826,27,32,424),(13472,1967,28,32,453),(13473,1978,30,32,423),(13474,1975,32,32,442),(13475,1979,35,32,423),(13476,1977,37,32,442),(13477,1979,40,32,423),(13478,1977,42,32,442),(13479,1966,1,33,419),(13480,1976,2,33,455),(13481,1968,5,33,442),(13482,1966,6,33,419),(13483,1976,7,33,455),(13484,1968,10,33,442),(13485,1970,12,33,456),(13486,1971,15,33,442),(13487,1970,17,33,456),(13488,1971,20,33,442),(13489,1826,22,33,424),(13490,1974,25,33,442),(13491,1826,27,33,424),(13492,1978,30,33,423),(13493,1975,32,33,442),(13494,1967,33,33,457),(13495,1979,35,33,423),(13496,1977,37,33,442),(13497,1967,38,33,457),(13498,1973,39,33,454),(13499,1979,40,33,423),(13500,1977,42,33,442),(13501,1973,44,33,454),(13502,1966,1,34,419),(13503,1973,3,34,454),(13504,1968,5,34,442),(13505,1966,6,34,419),(13506,1973,8,34,454),(13507,1968,10,34,442),(13508,1967,11,34,458),(13509,1980,12,34,423),(13510,1971,15,34,442),(13511,1967,16,34,458),(13512,1980,17,34,423),(13513,1971,20,34,442),(13514,1970,21,34,456),(13515,1826,22,34,424),(13516,1976,24,34,459),(13517,1974,25,34,442),(13518,1970,26,34,456),(13519,1826,27,34,424),(13520,1976,29,34,459),(13521,1975,32,34,442),(13522,1981,34,34,460),(13523,1977,37,34,442),(13524,1977,42,34,442),(13525,1966,1,35,419),(13526,1968,5,35,442),(13527,1966,6,35,419),(13528,1968,10,35,442),(13529,1970,11,35,456),(13530,1980,12,35,423),(13531,1971,15,35,442),(13532,1970,16,35,456),(13533,1980,17,35,423),(13534,1976,18,35,459),(13535,1971,20,35,442),(13536,1826,22,35,424),(13537,1976,23,35,459),(13538,1967,24,35,453),(13539,1974,25,35,442),(13540,1826,27,35,424),(13541,1973,28,35,454),(13542,1967,29,35,453),(13543,1975,32,35,442),(13544,1973,33,35,454),(13545,1981,34,35,460),(13546,1977,37,35,442),(13547,1977,42,35,442),(13548,1966,1,36,419),(13549,1968,5,36,442),(13550,1966,6,36,419),(13551,1968,10,36,442),(13552,1973,11,36,454),(13553,1971,15,36,442),(13554,1973,16,36,454),(13555,1971,20,36,442),(13556,1967,21,36,453),(13557,1826,22,36,424),(13558,1982,24,36,423),(13559,1974,25,36,442),(13560,1967,26,36,453),(13561,1826,27,36,424),(13562,1982,29,36,423),(13563,1970,31,36,456),(13564,1975,32,36,442),(13565,1976,34,36,459),(13566,1970,36,36,456),(13567,1977,37,36,442),(13568,1976,39,36,459),(13569,1977,42,36,442),(13570,1983,44,36,460),(13571,1966,1,37,419),(13572,1970,2,37,456),(13573,1968,5,37,442),(13574,1966,6,37,419),(13575,1970,7,37,456),(13576,1968,10,37,442),(13577,1971,15,37,442),(13578,1971,20,37,442),(13579,1826,22,37,424),(13580,1982,24,37,423),(13581,1974,25,37,442),(13582,1826,27,37,424),(13583,1976,28,37,459),(13584,1982,29,37,423),(13585,1975,32,37,442),(13586,1976,33,37,459),(13587,1967,34,37,453),(13588,1977,37,37,442),(13589,1973,38,37,454),(13590,1967,39,37,453),(13591,1977,42,37,442),(13592,1973,43,37,454),(13593,1983,44,37,460),(13594,1984,2,38,419),(13595,1985,3,38,442),(13596,1984,7,38,419),(13597,1985,8,38,442),(13598,1826,12,38,424),(13599,1986,13,38,456),(13600,1987,15,38,460),(13601,1826,17,38,424),(13602,1986,18,38,456),(13603,1987,20,38,460),(13604,1988,22,38,461),(13605,1989,23,38,423),(13606,1990,25,38,419),(13607,1991,26,38,462),(13608,1988,27,38,461),(13609,1989,28,38,423),(13610,1990,30,38,419),(13611,1991,31,38,462),(13612,1988,32,38,461),(13613,1992,34,38,423),(13614,1993,37,38,463),(13615,1992,39,38,423),(13616,1993,42,38,463),(13617,1994,44,38,442),(13618,1994,49,38,442),(13619,1986,1,39,456),(13620,1984,2,39,419),(13621,1985,3,39,442),(13622,1986,6,39,456),(13623,1984,7,39,419),(13624,1985,8,39,442),(13625,1988,10,39,461),(13626,1826,12,39,424),(13627,1991,13,39,457),(13628,1988,15,39,461),(13629,1826,17,39,424),(13630,1991,18,39,457),(13631,1988,20,39,461),(13632,1993,22,39,463),(13633,1989,23,39,423),(13634,1987,24,39,460),(13635,1990,25,39,419),(13636,1993,27,39,463),(13637,1989,28,39,423),(13638,1987,29,39,460),(13639,1990,30,39,419),(13640,1992,34,39,423),(13641,1992,39,39,423),(13642,1994,44,39,442),(13643,1994,49,39,442),(13644,1987,1,40,459),(13645,1984,2,40,419),(13646,1985,3,40,442),(13647,1987,6,40,459),(13648,1984,7,40,419),(13649,1985,8,40,442),(13650,1986,11,40,457),(13651,1826,12,40,424),(13652,1993,13,40,463),(13653,1995,15,40,414),(13654,1986,16,40,457),(13655,1826,17,40,424),(13656,1993,18,40,463),(13657,1995,20,40,414),(13658,1991,23,40,456),(13659,1990,25,40,419),(13660,1996,26,40,461),(13661,1991,28,40,456),(13662,1990,30,40,419),(13663,1996,31,40,461),(13664,1992,34,40,423),(13665,1996,36,40,461),(13666,1992,39,40,423),(13667,1994,44,40,442),(13668,1994,49,40,442),(13669,1993,1,41,463),(13670,1984,2,41,419),(13671,1985,3,41,442),(13672,1993,6,41,463),(13673,1984,7,41,419),(13674,1985,8,41,442),(13675,1987,11,41,455),(13676,1826,12,41,424),(13677,1991,13,41,458),(13678,1995,15,41,414),(13679,1987,16,41,455),(13680,1826,17,41,424),(13681,1991,18,41,458),(13682,1995,20,41,414),(13683,1986,21,41,457),(13684,1990,25,41,419),(13685,1986,26,41,457),(13686,1996,28,41,461),(13687,1990,30,41,419),(13688,1996,33,41,461),(13689,1992,34,41,423),(13690,1996,38,41,461),(13691,1992,39,41,423),(13692,1994,44,41,442),(13693,1994,49,41,442),(13694,1991,1,42,458),(13695,1984,2,42,419),(13696,1985,3,42,442),(13697,1991,6,42,458),(13698,1984,7,42,419),(13699,1985,8,42,442),(13700,1826,12,42,424),(13701,1996,13,42,461),(13702,1995,15,42,414),(13703,1826,17,42,424),(13704,1996,18,42,461),(13705,1995,20,42,414),(13706,1987,22,42,455),(13707,1996,23,42,461),(13708,1990,25,42,419),(13709,1987,27,42,455),(13710,1993,28,42,463),(13711,1990,30,42,419),(13712,1986,32,42,457),(13713,1993,33,42,463),(13714,1992,34,42,423),(13715,1986,37,42,457),(13716,1992,39,42,423),(13717,1994,44,42,442),(13718,1994,49,42,442),(13719,1997,1,43,455),(13720,1993,2,43,464),(13721,1985,3,43,442),(13722,1998,5,43,423),(13723,1997,6,43,455),(13724,1993,7,43,464),(13725,1985,8,43,442),(13726,1998,10,43,423),(13727,1988,11,43,461),(13728,1826,12,43,424),(13729,1999,13,43,422),(13730,2000,15,43,423),(13731,1988,16,43,461),(13732,1826,17,43,424),(13733,1999,18,43,422),(13734,2000,20,43,423),(13735,1988,21,43,461),(13736,1989,23,43,423),(13737,1990,25,43,419),(13738,1989,28,43,423),(13739,1990,30,43,419),(13740,2001,34,43,456),(13741,2001,39,43,456),(13742,1986,44,43,453),(13743,1986,49,43,453),(13744,2001,1,44,457),(13745,1986,2,44,457),(13746,1985,3,44,442),(13747,1998,5,44,423),(13748,2001,6,44,457),(13749,1986,7,44,457),(13750,1985,8,44,442),(13751,1998,10,44,423),(13752,1826,12,44,424),(13753,1999,13,44,422),(13754,2000,15,44,423),(13755,1826,17,44,424),(13756,1999,18,44,422),(13757,2000,20,44,423),(13758,1989,23,44,423),(13759,1993,24,44,464),(13760,1990,25,44,419),(13761,1989,28,44,423),(13762,1993,29,44,464),(13763,1990,30,44,419),(13764,1988,34,44,461),(13765,1997,35,44,460),(13766,1988,39,44,461),(13767,1997,40,44,460),(13768,1988,44,44,461),(13769,2002,1,45,442),(13770,2003,2,45,442),(13771,2004,3,45,423),(13772,2005,5,45,462),(13773,2002,6,45,442),(13774,2003,7,45,442),(13775,2004,8,45,423),(13776,2005,10,45,462),(13777,2006,11,45,460),(13778,2007,12,45,464),(13779,2004,13,45,423),(13780,2005,15,45,462),(13781,2006,16,45,460),(13782,2007,17,45,464),(13783,2006,18,45,460),(13784,2006,21,45,460),(13785,2007,22,45,464),(13786,2006,23,45,460),(13787,2008,24,45,462),(13788,2006,26,45,460),(13789,2006,28,45,460),(13790,2008,29,45,462),(13791,2006,31,45,460),(13792,2006,33,45,460),(13793,2008,34,45,462),(13794,2006,38,45,460),(13795,2009,39,45,425),(13796,2009,44,45,425),(13797,2002,1,46,442),(13798,2003,2,46,442),(13799,2004,3,46,423),(13800,2002,6,46,442),(13801,2003,7,46,442),(13802,2004,8,46,423),(13803,2005,11,46,462),(13804,2006,12,46,460),(13805,2004,13,46,423),(13806,2005,16,46,462),(13807,2006,17,46,460),(13808,2007,18,46,464),(13809,2005,21,46,NULL),(13810,2006,22,46,460),(13811,2007,23,46,464),(13812,2008,24,46,462),(13813,2006,27,46,460),(13814,2007,28,46,464),(13815,2008,29,46,462),(13816,2006,32,46,460),(13817,2008,34,46,462),(13818,2006,37,46,460),(13819,2009,39,46,425),(13820,2006,42,46,460),(13821,2009,44,46,425),(13822,2006,47,46,460),(13823,2006,52,46,460),(13824,2002,1,47,442),(13825,2003,2,47,442),(13826,2010,5,47,425),(13827,2002,6,47,442),(13828,2003,7,47,442),(13829,2010,10,47,425),(13830,2011,15,47,459),(13831,2011,20,47,459),(13832,2012,21,47,464),(13833,2013,24,47,447),(13834,2011,25,47,459),(13835,2012,26,47,464),(13836,2014,27,47,453),(13837,2015,28,47,455),(13838,2013,29,47,447),(13839,2011,30,47,459),(13840,2012,31,47,464),(13841,2014,32,47,453),(13842,2015,33,47,455),(13843,2013,34,47,447),(13844,2011,35,47,459),(13845,2014,37,47,453),(13846,2015,38,47,455),(13847,2016,39,47,462),(13848,2011,40,47,459),(13849,2016,44,47,462),(13850,2016,49,47,462),(13851,2002,1,48,442),(13852,2003,2,48,442),(13853,2006,3,48,455),(13854,2010,5,48,425),(13855,2002,6,48,442),(13856,2003,7,48,442),(13857,2006,8,48,455),(13858,2010,10,48,425),(13859,2014,12,48,457),(13860,2006,13,48,455),(13861,2014,17,48,457),(13862,2006,18,48,455),(13863,2006,21,48,455),(13864,2014,22,48,457),(13865,2006,23,48,455),(13866,2013,24,48,447),(13867,2006,26,48,455),(13868,2012,27,48,464),(13869,2013,29,48,447),(13870,2006,31,48,455),(13871,2012,32,48,464),(13872,2013,34,48,447),(13873,2006,36,48,455),(13874,2012,37,48,464),(13875,2016,39,48,462),(13876,2006,41,48,455),(13877,2016,44,48,462),(13878,2016,49,48,462),(13879,2002,1,49,442),(13880,2003,2,49,442),(13881,2017,3,49,459),(13882,2002,6,49,442),(13883,2003,7,49,442),(13884,2017,8,49,459),(13885,2006,11,49,459),(13886,2018,12,49,445),(13887,2017,13,49,459),(13888,2006,16,49,459),(13889,2018,17,49,445),(13890,2019,18,49,414),(13891,2006,21,49,459),(13892,2018,22,49,445),(13893,2019,23,49,414),(13894,2006,26,49,459),(13895,2006,27,49,459),(13896,2019,28,49,414),(13897,2006,31,49,459),(13898,2006,32,49,459),(13899,2020,33,49,453),(13900,2021,36,49,441),(13901,2006,37,49,459),(13902,2020,38,49,453),(13903,2021,41,49,441),(13904,2006,42,49,459),(13905,2006,47,49,459),(13906,2022,1,50,462),(13907,2023,2,50,462),(13908,2024,3,50,458),(13909,2022,6,50,462),(13910,2023,7,50,462),(13911,2024,8,50,458),(13912,2025,11,50,422),(13913,2026,12,50,462),(13914,2027,13,50,462),(13915,2028,15,50,465),(13916,2029,16,50,447),(13917,2026,17,50,462),(13918,2030,18,50,462),(13919,2028,20,50,465),(13920,2029,21,50,447),(13921,2031,22,50,458),(13922,2032,24,50,456),(13923,2033,25,50,462),(13924,2031,27,50,458),(13925,2034,29,50,458),(13926,2033,30,50,462),(13927,2035,32,50,458),(13928,2036,33,50,456),(13929,2034,34,50,458),(13930,2035,37,50,458),(13931,2036,38,50,456),(13932,2037,42,50,435),(13933,2038,43,50,458),(13934,2038,48,50,458),(13935,2022,1,51,462),(13936,2023,2,51,462),(13937,2022,6,51,462),(13938,2023,7,51,462),(13939,2025,11,51,422),(13940,2026,12,51,462),(13941,2027,13,51,462),(13942,2029,16,51,447),(13943,2026,17,51,462),(13944,2030,18,51,462),(13945,2032,20,51,456),(13946,2029,21,51,447),(13947,2036,22,51,456),(13948,2034,23,51,457),(13949,2035,24,51,457),(13950,2033,25,51,462),(13951,2028,26,51,465),(13952,2036,27,51,456),(13953,2034,28,51,457),(13954,2035,29,51,457),(13955,2033,30,51,462),(13956,2028,31,51,465),(13957,2024,32,51,456),(13958,2038,33,51,458),(13959,2031,34,51,457),(13960,2024,37,51,456),(13961,2038,38,51,458),(13962,2031,39,51,457),(13963,2037,42,51,435),(13964,1922,1,52,443),(13965,1826,2,52,424),(13966,1922,6,52,443),(13967,1826,7,52,424),(13968,1915,11,52,419),(13969,2039,12,52,466),(13970,1919,16,52,419),(13971,2040,17,52,448),(13972,1921,20,52,419),(13973,2041,22,52,448),(13974,2042,23,52,467),(13975,2043,24,52,448),(13976,2044,25,52,468),(13977,1924,27,52,419),(13978,2045,28,52,425),(13979,2046,29,52,448),(13980,2044,30,52,468),(13981,1924,32,52,419),(13982,2045,33,52,425),(13983,2047,34,52,448),(13984,2048,35,52,414),(13985,1926,37,52,431),(13986,1928,38,52,449),(13987,2049,40,52,469),(13988,1926,42,52,431),(13989,1928,43,52,449),(13990,2049,45,52,469),(13991,1826,2,53,424),(13992,1826,7,53,424),(13993,2049,10,53,469),(13994,1915,11,53,419),(13995,2039,12,53,466),(13996,2049,15,53,469),(13997,1919,16,53,419),(13998,2040,17,53,448),(13999,1921,20,53,419),(14000,1926,21,53,470),(14001,2041,22,53,448),(14002,2042,23,53,467),(14003,2043,24,53,448),(14004,2044,25,53,468),(14005,1926,26,53,470),(14006,1924,27,53,419),(14007,2045,28,53,425),(14008,2046,29,53,448),(14009,2044,30,53,468),(14010,1922,31,53,443),(14011,1924,32,53,419),(14012,2045,33,53,425),(14013,2047,34,53,448),(14014,2048,35,53,414),(14015,1922,36,53,443),(14016,1928,40,53,449),(14017,1928,45,53,449),(14018,2050,1,54,466),(14019,2051,2,54,466),(14020,2052,3,54,466),(14021,2050,6,54,466),(14022,2051,7,54,466),(14023,1921,8,54,466),(14024,2053,11,54,471),(14025,1826,12,54,424),(14026,2054,13,54,448),(14027,2055,16,54,466),(14028,1826,17,54,424),(14029,2056,18,54,466),(14030,2057,21,54,466),(14031,2058,22,54,466),(14032,2059,24,54,466),(14033,2057,26,54,466),(14034,2058,27,54,466),(14035,2060,29,54,472),(14036,2061,31,54,466),(14037,2062,32,54,466),(14038,2063,34,54,414),(14039,2061,36,54,466),(14040,2063,39,54,414),(14041,2064,41,54,445),(14042,2065,12,55,435),(14043,2066,13,55,473),(14044,2065,17,55,435),(14045,2066,18,55,473),(14046,2067,20,55,466),(14047,2065,22,55,435),(14048,2068,23,55,466),(14049,2067,25,55,466),(14050,2069,27,55,474),(14051,2068,28,55,466),(14052,2070,29,55,466),(14053,2067,30,55,466),(14054,2069,32,55,474),(14055,2068,33,55,466),(14056,2070,34,55,466),(14057,2071,35,55,466),(14058,2072,37,55,466),(14059,2073,38,55,466),(14060,2074,39,55,466),(14061,2071,40,55,466),(14062,2072,42,55,466),(14063,2073,43,55,466),(14064,2074,44,55,466),(14065,1951,47,55,466),(14066,2075,49,55,466),(14067,1951,52,55,466),(14068,2075,54,55,466),(14069,1954,2,56,446),(14070,1953,3,56,419),(14071,1954,7,56,446),(14072,1891,8,56,419),(14073,2076,10,56,447),(14074,1955,12,56,442),(14075,1891,13,56,419),(14076,2077,15,56,447),(14077,1956,17,56,419),(14078,1957,18,56,419),(14079,1952,20,56,420),(14080,1958,21,56,446),(14081,1956,22,56,419),(14082,1957,23,56,419),(14083,1952,25,56,420),(14084,1958,26,56,446),(14085,1960,27,56,445),(14086,1961,28,56,419),(14087,1960,32,56,445),(14088,1965,33,56,442),(14089,1963,34,56,419),(14090,2078,37,56,445),(14091,1963,39,56,419),(14092,2078,42,56,445),(14093,2079,5,57,445),(14094,2080,6,57,447),(14095,2081,7,57,413),(14096,2079,10,57,445),(14097,2080,11,57,447),(14098,2081,12,57,413),(14099,2082,13,57,441),(14100,2079,15,57,445),(14101,2083,16,57,442),(14102,2081,17,57,413),(14103,2082,18,57,441),(14104,2079,20,57,445),(14105,2083,21,57,442),(14106,1826,22,57,424),(14107,2084,23,57,446),(14108,2085,25,57,445),(14109,2086,26,57,442),(14110,1826,27,57,424),(14111,2084,28,57,446),(14112,2085,30,57,445),(14113,2086,31,57,442),(14114,2087,32,57,446),(14115,2084,33,57,446),(14116,2085,35,57,445),(14117,2088,36,57,442),(14118,2087,37,57,446),(14119,2085,40,57,445),(14120,2088,41,57,442),(14121,2087,42,57,446),(14122,2088,46,57,442),(14123,2089,1,58,446),(14124,2089,6,58,446),(14125,2090,8,58,475),(14126,2091,11,58,446),(14127,2092,13,58,446),(14128,2093,15,58,476),(14129,2091,16,58,446),(14130,2092,18,58,446),(14131,2093,20,58,476),(14132,1826,21,58,424),(14133,2094,22,58,441),(14134,2095,23,58,477),(14135,2096,24,58,445),(14136,2097,25,58,441),(14137,1826,26,58,424),(14138,2095,28,58,477),(14139,2096,29,58,445),(14140,2097,30,58,441),(14141,2095,33,58,477),(14142,2096,34,58,445),(14143,2098,35,58,441),(14144,2099,38,58,425),(14145,2096,39,58,445),(14146,2098,40,58,441),(14147,2099,43,58,425),(14148,2100,44,58,419),(14149,2101,48,58,425),(14150,2100,49,58,419),(14151,2101,53,58,425),(14152,2100,54,58,419),(14153,2100,59,58,419),(14154,2089,1,59,446),(14155,2102,2,59,477),(14156,2103,5,59,477),(14157,2089,6,59,446),(14158,2102,7,59,477),(14159,2104,10,59,477),(14160,2105,12,59,477),(14161,2090,13,59,475),(14162,2104,15,59,477),(14163,2106,16,59,477),(14164,2105,17,59,477),(14165,2104,20,59,477),(14166,1826,21,59,424),(14167,2105,22,59,477),(14168,2107,23,59,441),(14169,2097,25,59,441),(14170,1826,26,59,424),(14171,2108,27,59,476),(14172,2107,28,59,441),(14173,2097,30,59,441),(14174,2108,32,59,476),(14175,2109,33,59,445),(14176,2109,38,59,445),(14177,2091,43,59,419),(14178,2098,44,59,447),(14179,2091,48,59,419),(14180,2098,49,59,447),(14181,2110,3,60,446),(14182,2110,8,60,446),(14183,2111,16,60,445),(14184,2111,21,60,445),(14185,2112,22,60,446),(14186,2113,23,60,415),(14187,2114,26,60,447),(14188,2112,27,60,446),(14189,2113,28,60,415),(14190,2114,31,60,447),(14191,2115,32,60,413),(14192,2116,33,60,415),(14193,2117,36,60,413),(14194,2118,37,60,420),(14195,2116,38,60,415),(14196,2117,41,60,413),(14197,2118,42,60,420),(14198,2119,43,60,414),(14199,2117,46,60,413),(14200,2120,47,60,413),(14201,2119,48,60,414),(14202,2121,51,60,413),(14203,2121,56,60,413),(14204,2122,1,61,476),(14205,1826,3,61,424),(14206,2123,5,61,414),(14207,2122,6,61,476),(14208,1826,8,61,424),(14209,2123,10,61,414),(14210,2124,11,61,476),(14211,2125,15,61,425),(14212,2124,16,61,476),(14213,2126,18,61,475),(14214,2125,20,61,425),(14215,2127,21,61,419),(14216,2128,22,61,413),(14217,2126,23,61,475),(14218,2129,25,61,447),(14219,2127,26,61,419),(14220,2128,27,61,413),(14221,2037,28,61,447),(14222,2129,30,61,447),(14223,2130,31,61,419),(14224,2131,32,61,478),(14225,2129,35,61,447),(14226,2130,36,61,419),(14227,2131,37,61,478),(14228,2129,40,61,447),(14229,2126,41,61,423),(14230,2132,42,61,419),(14231,2126,46,61,423),(14232,2132,47,61,419),(14233,2109,52,61,446),(14234,2109,57,61,446),(14235,2131,2,62,478),(14236,1826,3,62,424),(14237,2123,5,62,414),(14238,2131,7,62,478),(14239,1826,8,62,424),(14240,2123,10,62,414),(14241,2126,11,62,475),(14242,2131,12,62,478),(14243,2125,15,62,425),(14244,2126,16,62,475),(14245,2131,17,62,478),(14246,2122,18,62,476),(14247,2125,20,62,425),(14248,2127,21,62,419),(14249,2128,22,62,413),(14250,2122,23,62,476),(14251,2127,26,62,419),(14252,2128,27,62,413),(14253,2037,28,62,447),(14254,2124,31,62,476),(14255,2126,32,62,475),(14256,2124,36,62,476),(14257,2126,37,62,475),(14258,2130,41,62,419),(14259,2132,42,62,419),(14260,2129,45,62,447),(14261,2130,46,62,419),(14262,2132,47,62,419),(14263,2129,50,62,447),(14264,2109,52,62,446),(14265,2129,55,62,447),(14266,2109,57,62,446),(14267,2129,60,62,447),(14268,1826,2,63,424),(14269,2133,5,63,448),(14270,1826,7,63,424),(14271,2134,10,63,420),(14272,1915,11,63,419),(14273,2135,13,63,442),(14274,2134,15,63,420),(14275,1919,16,63,419),(14276,2136,18,63,442),(14277,1921,20,63,419),(14278,2137,22,63,423),(14279,2138,23,63,413),(14280,1926,24,63,431),(14281,1922,25,63,443),(14282,1924,27,63,419),(14283,2139,28,63,479),(14284,1926,29,63,431),(14285,1922,30,63,443),(14286,1924,32,63,419),(14287,2139,33,63,479),(14288,1928,34,63,449),(14289,2140,36,63,425),(14290,1928,39,63,449),(14291,2140,41,63,425),(14292,2141,44,63,416),(14293,2142,46,63,439),(14294,2141,49,63,416),(14295,2142,51,63,439),(14296,1928,1,64,449),(14297,1826,2,64,424),(14298,2142,3,64,439),(14299,2133,5,64,448),(14300,1928,6,64,449),(14301,1826,7,64,424),(14302,2142,8,64,439),(14303,2134,10,64,420),(14304,1915,11,64,419),(14305,2139,12,64,479),(14306,2135,13,64,442),(14307,2134,15,64,420),(14308,1919,16,64,419),(14309,2139,17,64,479),(14310,2136,18,64,442),(14311,1921,20,64,419),(14312,1926,21,64,431),(14313,2137,22,64,423),(14314,2138,23,64,413),(14315,1926,26,64,431),(14316,1924,27,64,419),(14317,1924,32,64,419),(14318,1922,33,64,443),(14319,2141,34,64,416),(14320,2140,36,64,425),(14321,1922,38,64,443),(14322,2141,39,64,416),(14323,2140,41,64,425),(14324,1826,2,65,424),(14325,2140,3,65,445),(14326,1826,7,65,424),(14327,2140,8,65,445),(14328,1915,11,65,419),(14329,1928,12,65,449),(14330,2135,13,65,442),(14331,1919,16,65,419),(14332,1928,17,65,449),(14333,2136,18,65,442),(14334,1921,20,65,419),(14335,1922,21,65,443),(14336,2137,22,65,423),(14337,2143,23,65,448),(14338,2141,24,65,416),(14339,1922,26,65,443),(14340,1924,27,65,419),(14341,2138,28,65,413),(14342,2141,29,65,416),(14343,1926,31,65,431),(14344,1924,32,65,419),(14345,2144,33,65,447),(14346,1926,36,65,431),(14347,2139,37,65,480),(14348,2144,38,65,447),(14349,2139,42,65,480),(14350,2142,43,65,416),(14351,2142,48,65,416),(14352,1826,2,66,424),(14353,2140,3,66,445),(14354,1826,7,66,424),(14355,2140,8,66,445),(14356,1915,11,66,419),(14357,1922,12,66,443),(14358,2135,13,66,442),(14359,1919,16,66,419),(14360,1922,17,66,443),(14361,2136,18,66,442),(14362,1921,20,66,419),(14363,2142,21,66,481),(14364,2137,22,66,423),(14365,2143,23,66,448),(14366,2141,25,66,416),(14367,2142,26,66,481),(14368,1924,27,66,419),(14369,2138,28,66,413),(14370,2141,30,66,416),(14371,1924,32,66,419),(14372,2144,33,66,447),(14373,2139,35,66,480),(14374,1928,37,66,449),(14375,2144,38,66,447),(14376,2139,40,66,480),(14377,1928,42,66,449),(14378,1926,43,66,431),(14379,1926,48,66,431),(14380,1826,2,67,424),(14381,1922,3,67,443),(14382,1826,7,67,424),(14383,1922,8,67,443),(14384,1915,11,67,419),(14385,2145,12,67,447),(14386,2135,13,67,442),(14387,2138,15,67,413),(14388,1919,16,67,419),(14389,2145,17,67,447),(14390,2136,18,67,442),(14391,1921,20,67,419),(14392,2146,21,67,423),(14393,2137,22,67,423),(14394,2140,24,67,441),(14395,1926,25,67,431),(14396,1928,26,67,482),(14397,1924,27,67,419),(14398,2140,29,67,441),(14399,1926,30,67,431),(14400,1928,31,67,482),(14401,1924,32,67,419),(14402,2139,36,67,483),(14403,2142,40,67,439),(14404,2139,41,67,483),(14405,2141,42,67,416),(14406,2142,45,67,439),(14407,2141,47,67,416),(14408,1826,2,68,424),(14409,1926,3,68,484),(14410,2142,5,68,416),(14411,1826,7,68,424),(14412,1926,8,68,484),(14413,2142,10,68,416),(14414,1915,11,68,419),(14415,2145,12,68,447),(14416,2135,13,68,442),(14417,2138,15,68,413),(14418,1919,16,68,419),(14419,2145,17,68,447),(14420,2136,18,68,442),(14421,1921,20,68,419),(14422,2146,21,68,423),(14423,2137,22,68,423),(14424,2141,23,68,416),(14425,2140,24,68,441),(14426,2139,26,68,480),(14427,1924,27,68,419),(14428,2141,28,68,416),(14429,2140,29,68,441),(14430,2139,31,68,480),(14431,1924,32,68,419),(14432,1928,36,68,449),(14433,1928,41,68,449),(14434,1922,46,68,443),(14435,1922,51,68,443),(14436,2147,2,69,447),(14437,2148,3,69,447),(14438,2149,5,69,418),(14439,2150,7,69,447),(14440,2148,8,69,447),(14441,2151,10,69,485),(14442,2152,11,69,415),(14443,1826,13,69,424),(14444,2153,15,69,481),(14445,2152,16,69,415),(14446,2154,17,69,420),(14447,1826,18,69,424),(14448,2155,22,69,447),(14449,2156,23,69,472),(14450,2157,24,69,430),(14451,2158,26,69,430),(14452,2159,27,69,448),(14453,2156,28,69,472),(14454,2157,29,69,430),(14455,2158,31,69,430),(14456,2160,32,69,486),(14457,2161,33,69,430),(14458,2162,34,69,432),(14459,2160,37,69,486),(14460,2161,38,69,430),(14461,2162,39,69,432),(14462,2147,2,70,447),(14463,2148,3,70,447),(14464,2163,5,70,441),(14465,2150,7,70,447),(14466,2148,8,70,447),(14467,2163,10,70,441),(14468,2164,12,70,435),(14469,1826,13,70,424),(14470,2160,16,70,486),(14471,2164,17,70,435),(14472,1826,18,70,424),(14473,2160,21,70,486),(14474,2156,22,70,472),(14475,2165,23,70,440),(14476,2156,27,70,472),(14477,2165,28,70,440),(14478,2159,32,70,448),(14479,2151,33,70,485),(14480,2166,34,70,435),(14481,2167,36,70,448),(14482,2168,39,70,435),(14483,2169,41,70,448),(14484,2170,44,70,435),(14485,2169,46,70,448),(14486,2169,51,70,448),(14487,2169,56,70,448),(14488,2147,2,71,447),(14489,2148,3,71,447),(14490,2171,5,71,487),(14491,2172,6,71,487),(14492,2150,7,71,447),(14493,2148,8,71,447),(14494,2171,10,71,487),(14495,2172,11,71,487),(14496,2173,12,71,488),(14497,1826,13,71,424),(14498,2174,15,71,487),(14499,2173,17,71,488),(14500,1826,18,71,424),(14501,2174,20,71,487),(14502,2175,22,71,489),(14503,2176,23,71,487),(14504,2177,24,71,489),(14505,2160,25,71,486),(14506,2175,27,71,489),(14507,2178,28,71,487),(14508,2177,29,71,489),(14509,2160,30,71,486),(14510,2156,34,71,472),(14511,2151,35,71,485),(14512,2156,39,71,472),(14513,2159,44,71,448),(14514,2147,2,72,447),(14515,2148,3,72,447),(14516,2160,5,72,486),(14517,2150,7,72,447),(14518,2148,8,72,447),(14519,2160,10,72,486),(14520,2156,12,72,472),(14521,1826,13,72,424),(14522,2179,15,72,441),(14523,2156,17,72,472),(14524,1826,18,72,424),(14525,2179,20,72,441),(14526,2180,22,72,439),(14527,2181,23,72,434),(14528,2180,27,72,439),(14529,2181,28,72,434),(14530,2151,29,72,485),(14531,2181,33,72,434),(14532,2182,34,72,441),(14533,2183,37,72,443),(14534,2184,38,72,442),(14535,2182,39,72,441),(14536,2183,42,72,443),(14537,2184,43,72,442),(14538,2183,47,72,443),(14539,2159,48,72,448),(14540,2185,7,73,473),(14541,2185,12,73,473),(14542,2186,15,73,480),(14543,2185,17,73,473),(14544,2186,20,73,480),(14545,2187,22,73,467),(14546,1951,24,73,435),(14547,2188,25,73,467),(14548,2189,26,73,467),(14549,2187,27,73,467),(14550,1951,29,73,435),(14551,2189,31,73,467),(14552,2190,32,73,483),(14553,2191,34,73,467),(14554,2192,36,73,467),(14555,2190,37,73,483),(14556,2191,39,73,467),(14557,2192,41,73,467),(14558,2193,44,73,472),(14559,2193,49,73,472),(14560,2194,5,74,434),(14561,2194,10,74,434),(14562,2195,15,74,434),(14563,2195,20,74,434),(14564,2196,22,74,434),(14565,2197,24,74,439),(14566,2196,27,74,434),(14567,2197,29,74,439),(14568,2198,31,74,434),(14569,2199,32,74,434),(14570,2197,34,74,439),(14571,2198,36,74,434),(14572,2199,37,74,434),(14573,2198,41,74,434),(14574,2200,42,74,439),(14575,2201,46,74,434),(14576,2200,47,74,439),(14577,2201,51,74,434),(14578,2200,52,74,439),(14579,2201,56,74,434),(14580,2202,1,75,430),(14581,2203,2,75,420),(14582,2204,5,75,430),(14583,2202,6,75,430),(14584,2203,7,75,420),(14585,2204,10,75,430),(14586,2202,11,75,430),(14587,2205,12,75,430),(14588,2204,15,75,430),(14589,2206,16,75,430),(14590,2205,17,75,430),(14591,2206,21,75,430),(14592,2207,22,75,443),(14593,2208,26,75,423),(14594,2207,27,75,443),(14595,2208,31,75,423),(14596,2209,32,75,430),(14597,2209,37,75,430),(14598,2210,39,75,420),(14599,2210,44,75,420),(14600,2211,49,75,490),(14601,2211,54,75,490),(14602,2212,1,76,444),(14603,2212,6,76,444),(14604,2213,11,76,435),(14605,2213,16,76,435),(14606,2214,21,76,435),(14607,2212,22,76,435),(14608,2215,24,76,488),(14609,2214,26,76,435),(14610,2216,27,76,435),(14611,2215,29,76,488),(14612,2214,31,76,435),(14613,2216,32,76,435),(14614,2217,34,76,488),(14615,2205,37,76,435),(14616,2217,39,76,488),(14617,2205,42,76,435),(14618,2217,44,76,488),(14619,2218,49,76,444),(14620,2218,54,76,444),(14621,2218,59,76,444),(14622,2219,1,77,448),(14623,2220,2,77,491),(14624,2221,3,77,467),(14625,2222,5,77,435),(14626,2223,6,77,467),(14627,2220,7,77,491),(14628,2221,8,77,467),(14629,2222,10,77,435),(14630,2224,11,77,467),(14631,2225,12,77,448),(14632,2226,13,77,435),(14633,2227,16,77,467),(14634,2226,18,77,435),(14635,2228,21,77,467),(14636,2229,23,77,492),(14637,2230,24,77,480),(14638,2231,26,77,448),(14639,2229,28,77,492),(14640,2230,29,77,480),(14641,2231,31,77,448),(14642,2232,33,77,492),(14643,2233,34,77,480),(14644,2234,36,77,435),(14645,2232,38,77,492),(14646,2235,39,77,480),(14647,2234,41,77,435),(14648,2234,46,77,435),(14649,2219,1,78,448),(14650,2233,2,78,480),(14651,2221,3,78,467),(14652,2220,5,78,491),(14653,2223,6,78,467),(14654,2235,7,78,480),(14655,2221,8,78,467),(14656,2220,10,78,491),(14657,2224,11,78,467),(14658,2225,12,78,448),(14659,2232,13,78,492),(14660,2227,16,78,467),(14661,2234,17,78,485),(14662,2232,18,78,492),(14663,2228,21,78,467),(14664,2234,22,78,485),(14665,2222,23,78,480),(14666,2229,24,78,492),(14667,2226,25,78,435),(14668,2231,26,78,448),(14669,2234,27,78,485),(14670,2222,28,78,480),(14671,2229,29,78,492),(14672,2226,30,78,435),(14673,2231,31,78,448),(14674,2230,36,78,480),(14675,2230,41,78,480),(14676,2219,1,79,448),(14677,2236,2,79,441),(14678,2237,3,79,413),(14679,2238,6,79,435),(14680,2236,7,79,441),(14681,2237,8,79,413),(14682,2239,12,79,467),(14683,2240,13,79,435),(14684,2241,17,79,440),(14685,2240,18,79,435),(14686,2241,22,79,440),(14687,2242,23,79,435),(14688,2243,24,79,440),(14689,2242,28,79,435),(14690,2243,29,79,440),(14691,2244,33,79,435),(14692,2245,34,79,435),(14693,2244,38,79,435),(14694,2246,39,79,435),(14695,2247,40,79,435),(14696,2244,43,79,435),(14697,2246,44,79,435),(14698,2247,45,79,435),(14699,2244,48,79,435),(14700,2234,49,79,435),(14701,2247,50,79,435),(14702,2234,54,79,435),(14703,2234,59,79,435),(14704,2219,1,80,448),(14705,2236,2,80,441),(14706,2237,3,80,413),(14707,2244,5,80,435),(14708,2238,6,80,435),(14709,2236,7,80,441),(14710,2237,8,80,413),(14711,2244,10,80,435),(14712,2234,11,80,440),(14713,2239,12,80,467),(14714,2243,13,80,440),(14715,2244,15,80,435),(14716,2234,16,80,440),(14717,2241,17,80,440),(14718,2243,18,80,440),(14719,2244,20,80,435),(14720,2234,21,80,440),(14721,2241,22,80,440),(14722,2246,24,80,435),(14723,2247,25,80,435),(14724,2242,26,80,440),(14725,2246,29,80,435),(14726,2247,30,80,435),(14727,2242,31,80,440),(14728,2245,34,80,435),(14729,2247,35,80,435),(14730,2240,36,80,440),(14731,2240,41,80,440),(14732,2248,1,81,434),(14733,2248,6,81,434),(14734,2249,11,81,434),(14735,2250,16,81,473),(14736,2250,21,81,473),(14737,2251,39,81,479),(14738,2126,43,81,434),(14739,2251,44,81,479),(14740,2252,48,81,493),(14741,2252,53,81,493),(14742,2252,58,81,493),(14743,1826,2,82,424),(14744,1826,7,82,424),(14745,1928,8,82,449),(14746,1922,10,82,443),(14747,1915,11,82,419),(14748,2253,12,82,420),(14749,1928,13,82,449),(14750,1922,15,82,443),(14751,1919,16,82,419),(14752,2254,17,82,442),(14753,2255,18,82,413),(14754,1921,20,82,419),(14755,2256,22,82,414),(14756,2257,23,82,425),(14757,2258,25,82,414),(14758,1924,27,82,419),(14759,2259,28,82,469),(14760,2260,30,82,492),(14761,2261,31,82,413),(14762,1924,32,82,419),(14763,1926,33,82,431),(14764,2262,35,82,430),(14765,2263,36,82,481),(14766,2264,37,82,447),(14767,1926,38,82,431),(14768,2262,40,82,430),(14769,2263,41,82,481),(14770,2264,42,82,447),(14771,1826,2,83,424),(14772,2262,3,83,476),(14773,1826,7,83,424),(14774,2262,8,83,476),(14775,1915,11,83,419),(14776,2253,12,83,420),(14777,2259,13,83,469),(14778,1919,16,83,419),(14779,2255,18,83,413),(14780,1921,20,83,419),(14781,2261,21,83,441),(14782,2256,22,83,414),(14783,2257,23,83,425),(14784,2258,25,83,414),(14785,2265,26,83,425),(14786,1924,27,83,419),(14787,1928,28,83,449),(14788,2265,31,83,425),(14789,1924,32,83,419),(14790,1928,33,83,449),(14791,1926,34,83,431),(14792,2260,35,83,492),(14793,2263,36,83,481),(14794,2266,38,83,467),(14795,1926,39,83,431),(14796,2263,41,83,481),(14797,1922,44,83,443),(14798,1922,49,83,443),(14799,2267,2,84,443),(14800,2268,3,84,416),(14801,2269,6,84,448),(14802,2267,7,84,443),(14803,2268,8,84,416),(14804,2270,10,84,NULL),(14805,2271,11,84,442),(14806,1826,12,84,424),(14807,2272,13,84,439),(14808,2273,15,84,492),(14809,1826,17,84,424),(14810,2272,18,84,439),(14811,2273,20,84,492),(14812,2274,22,84,415),(14813,2275,23,84,458),(14814,2276,25,84,418),(14815,2277,27,84,430),(14816,2278,28,84,448),(14817,2276,30,84,418),(14818,2279,32,84,415),(14819,2280,34,84,430),(14820,2281,35,84,418),(14821,2282,37,84,414),(14822,2283,38,84,485),(14823,2280,39,84,430),(14824,2282,42,84,414),(14825,2270,1,85,435),(14826,2284,2,85,494),(14827,2268,3,85,416),(14828,2269,6,85,448),(14829,2284,7,85,494),(14830,2268,8,85,416),(14831,2271,11,85,442),(14832,1826,12,85,424),(14833,2285,16,85,472),(14834,1826,17,85,424),(14835,2283,18,85,448),(14836,2285,21,85,472),(14837,2274,22,85,415),(14838,2286,23,85,480),(14839,2267,24,85,443),(14840,2275,26,85,458),(14841,2279,27,85,415),(14842,2286,28,85,480),(14843,2267,29,85,443),(14844,2272,31,85,439),(14845,2287,32,85,417),(14846,2288,33,85,467),(14847,2272,36,85,439),(14848,2282,37,85,414),(14849,2289,41,85,443),(14850,2282,42,85,414),(14851,2290,1,86,423),(14852,2291,5,86,439),(14853,2290,6,86,423),(14854,2291,10,86,439),(14855,2291,15,86,439),(14856,2292,16,86,434),(14857,2293,17,86,474),(14858,2294,20,86,443),(14859,2292,21,86,434),(14860,2293,22,86,474),(14861,2295,24,86,418),(14862,2294,25,86,443),(14863,2296,26,86,454),(14864,2297,27,86,418),(14865,2295,29,86,418),(14866,2294,30,86,443),(14867,2296,31,86,454),(14868,2297,32,86,418),(14869,2298,33,86,420),(14870,2299,34,86,418),(14871,2300,35,86,419),(14872,2296,36,86,454),(14873,2301,37,86,467),(14874,2298,38,86,420),(14875,2299,39,86,418),(14876,2300,40,86,419),(14877,2302,41,86,466),(14878,2301,42,86,467),(14879,2303,43,86,413),(14880,2299,44,86,418),(14881,2300,45,86,419),(14882,2302,46,86,466),(14883,2303,48,86,413),(14884,2075,49,86,413),(14885,2075,54,86,413),(14886,2290,1,87,423),(14887,2290,6,87,423),(14888,2304,7,87,492),(14889,2305,11,87,480),(14890,2304,12,87,492),(14891,2306,13,87,467),(14892,2297,15,87,485),(14893,2305,16,87,480),(14894,2304,17,87,492),(14895,2306,18,87,467),(14896,2297,20,87,485),(14897,2305,21,87,480),(14898,2307,22,87,480),(14899,2075,23,87,445),(14900,2308,24,87,467),(14901,2309,25,87,485),(14902,2310,26,87,487),(14903,2307,27,87,480),(14904,2075,28,87,445),(14905,2308,29,87,467),(14906,2309,30,87,485),(14907,2310,31,87,487),(14908,2307,32,87,480),(14909,2311,33,87,488),(14910,2300,35,87,419),(14911,2310,36,87,487),(14912,2301,37,87,467),(14913,2311,38,87,488),(14914,2291,39,87,439),(14915,2300,40,87,419),(14916,2301,42,87,467),(14917,2303,43,87,413),(14918,2291,44,87,439),(14919,2300,45,87,419),(14920,2303,48,87,413),(14921,2291,49,87,439);
/*!40000 ALTER TABLE `main_schedule` ENABLE KEYS */;
UNLOCK TABLES;

--
-- Table structure for table `main_schedule_teachers`
--

DROP TABLE IF EXISTS `main_schedule_teachers`;
/*!40101 SET @saved_cs_client     = @@character_set_client */;
/*!40101 SET character_set_client = utf8 */;
CREATE TABLE `main_schedule_teachers` (
  `id` int(11) NOT NULL AUTO_INCREMENT,
  `schedule_id` int(11) NOT NULL,
  `teacher_id` int(11) NOT NULL,
  PRIMARY KEY (`id`),
  UNIQUE KEY `main_schedule_teachers_schedule_id_6f50b240d201690d_uniq` (`schedule_id`,`teacher_id`),
  KEY `main_schedule_teachers_945133b8` (`schedule_id`),
  KEY `main_schedule_teachers_c12e9d48` (`teacher_id`),
  CONSTRAINT `schedule_id_refs_id_e5c71ce8` FOREIGN KEY (`schedule_id`) REFERENCES `main_schedule` (`id`),
  CONSTRAINT `teacher_id_refs_id_8bc40fba` FOREIGN KEY (`teacher_id`) REFERENCES `main_teacher` (`id`)
) ENGINE=InnoDB AUTO_INCREMENT=12314 DEFAULT CHARSET=utf8 COLLATE=utf8_polish_ci;
/*!40101 SET character_set_client = @saved_cs_client */;

--
-- Dumping data for table `main_schedule_teachers`
--

LOCK TABLES `main_schedule_teachers` WRITE;
/*!40000 ALTER TABLE `main_schedule_teachers` DISABLE KEYS */;
INSERT INTO `main_schedule_teachers` VALUES (10044,12786,712),(10045,12787,713),(10046,12788,714),(10047,12789,714),(10048,12790,714),(10049,12791,714),(10050,12792,715),(10051,12793,716),(10052,12794,717),(10053,12795,718),(10054,12796,719),(10055,12797,720),(10056,12798,716),(10057,12799,721),(10058,12802,722),(10059,12803,715),(10060,12804,723),(10061,12805,715),(10062,12806,713),(10063,12807,719),(10064,12808,724),(10065,12809,725),(10066,12810,726),(10067,12811,713),(10068,12812,727),(10069,12813,724),(10070,12814,725),(10071,12815,726),(10072,12816,713),(10073,12817,727),(10074,12818,728),(10075,12819,725),(10076,12821,727),(10077,12822,728),(10078,12825,727),(10079,12826,729),(10080,12828,730),(10081,12829,729),(10082,12830,730),(10083,12832,731),(10084,12834,732),(10085,12836,732),(10086,12837,731),(10087,12839,732),(10088,12841,733),(10089,12842,731),(10090,12844,734),(10091,12846,733),(10092,12847,735),(10093,12848,736),(10094,12849,734),(10095,12851,733),(10096,12852,735),(10097,12853,736),(10098,12856,737),(10099,12858,738),(10100,12859,739),(10101,12861,738),(10102,12862,739),(10103,12863,740),(10104,12866,741),(10105,12867,740),(10106,12868,742),(10107,12870,741),(10108,12871,743),(10109,12873,738),(10110,12874,743),(10111,12876,738),(10112,12881,744),(10113,12883,744),(10114,12887,719),(10115,12887,745),(10116,12888,744),(10117,12892,719),(10118,12892,745),(10119,12893,744),(10120,12897,719),(10121,12897,745),(10122,12898,744),(10123,12901,744),(10124,12902,744),(10125,12905,744),(10126,12908,744),(10127,12909,746),(10128,12910,747),(10129,12911,746),(10130,12912,748),(10131,12913,749),(10132,12914,750),(10133,12915,751),(10134,12916,752),(10135,12917,749),(10136,12918,750),(10137,12919,751),(10138,12920,753),(10139,12921,740),(10140,12921,754),(10141,12922,755),(10142,12923,753),(10143,12924,740),(10144,12924,754),(10145,12925,755),(10146,12926,737),(10147,12927,737),(10148,12928,756),(10149,12928,757),(10150,12929,756),(10151,12929,757),(10152,12930,756),(10153,12930,757),(10154,12931,747),(10155,12932,748),(10156,12933,749),(10157,12934,750),(10158,12935,751),(10159,12936,752),(10160,12937,749),(10161,12938,750),(10162,12939,751),(10163,12940,753),(10164,12941,740),(10165,12941,754),(10166,12942,755),(10167,12943,753),(10168,12944,740),(10169,12944,754),(10170,12945,755),(10171,12946,746),(10172,12947,737),(10173,12948,746),(10174,12949,737),(10175,12950,756),(10176,12950,757),(10177,12951,756),(10178,12951,757),(10179,12952,756),(10180,12952,757),(10181,12953,741),(10182,12953,747),(10183,12954,747),(10184,12955,741),(10185,12955,747),(10186,12956,748),(10187,12957,741),(10188,12957,747),(10189,12958,752),(10190,12959,753),(10191,12960,740),(10192,12960,754),(10193,12961,755),(10194,12962,753),(10195,12963,740),(10196,12963,754),(10197,12964,755),(10198,12965,755),(10199,12966,737),(10200,12967,758),(10201,12967,759),(10202,12968,755),(10203,12969,750),(10204,12970,737),(10205,12971,758),(10206,12971,759),(10207,12972,750),(10208,12973,755),(10209,12974,755),(10210,12975,741),(10211,12975,747),(10212,12976,747),(10213,12977,741),(10214,12977,747),(10215,12978,748),(10216,12979,741),(10217,12979,747),(10218,12980,760),(10219,12981,752),(10220,12982,760),(10221,12983,753),(10222,12984,740),(10223,12984,754),(10224,12985,755),(10225,12986,753),(10226,12987,740),(10227,12987,754),(10228,12988,755),(10229,12989,755),(10230,12990,737),(10231,12991,755),(10232,12992,750),(10233,12993,737),(10234,12994,750),(10235,12995,755),(10236,12996,755),(10237,12997,761),(10238,12997,762),(10239,12998,747),(10240,12999,761),(10241,12999,762),(10242,13000,748),(10243,13001,763),(10244,13002,752),(10245,13003,720),(10246,13003,764),(10247,13004,763),(10248,13005,720),(10249,13005,764),(10250,13006,753),(10251,13007,740),(10252,13007,754),(10253,13008,755),(10254,13009,720),(10255,13009,764),(10256,13010,753),(10257,13011,740),(10258,13011,754),(10259,13012,755),(10260,13013,763),(10261,13014,737),(10262,13015,750),(10263,13016,763),(10264,13017,737),(10265,13018,750),(10266,13019,747),(10267,13020,748),(10268,13021,754),(10269,13022,763),(10270,13023,752),(10271,13024,720),(10272,13024,764),(10273,13025,754),(10274,13026,763),(10275,13027,720),(10276,13027,764),(10277,13028,753),(10278,13029,740),(10279,13029,754),(10280,13030,755),(10281,13031,720),(10282,13031,764),(10283,13032,753),(10284,13033,740),(10285,13033,754),(10286,13034,755),(10287,13035,763),(10288,13036,737),(10289,13037,750),(10290,13038,763),(10291,13039,737),(10292,13040,750),(10293,13041,765),(10294,13042,747),(10295,13043,765),(10296,13044,748),(10297,13045,766),(10298,13046,767),(10299,13047,752),(10300,13048,766),(10301,13049,767),(10302,13050,751),(10303,13051,753),(10304,13052,740),(10305,13052,754),(10306,13053,755),(10307,13054,751),(10308,13055,753),(10309,13056,740),(10310,13056,754),(10311,13057,755),(10312,13058,720),(10313,13058,764),(10314,13059,737),(10315,13060,720),(10316,13060,764),(10317,13061,737),(10318,13062,720),(10319,13062,764),(10320,13063,747),(10321,13064,748),(10322,13065,766),(10323,13066,767),(10324,13067,752),(10325,13068,766),(10326,13069,767),(10327,13070,751),(10328,13071,753),(10329,13072,740),(10330,13072,754),(10331,13073,755),(10332,13074,751),(10333,13075,753),(10334,13076,740),(10335,13076,754),(10336,13077,755),(10337,13078,720),(10338,13078,764),(10339,13079,768),(10340,13080,737),(10341,13081,720),(10342,13081,764),(10343,13082,768),(10344,13083,737),(10345,13084,720),(10346,13084,764),(10347,13085,766),(10348,13086,747),(10349,13087,766),(10350,13088,748),(10351,13089,766),(10352,13090,752),(10353,13091,766),(10354,13092,760),(10355,13093,753),(10356,13094,740),(10357,13094,754),(10358,13095,755),(10359,13096,760),(10360,13097,753),(10361,13098,740),(10362,13098,754),(10363,13099,755),(10364,13100,769),(10365,13101,737),(10366,13102,769),(10367,13103,720),(10368,13103,741),(10369,13104,737),(10370,13105,720),(10371,13105,741),(10372,13106,720),(10373,13106,741),(10374,13107,766),(10375,13108,747),(10376,13109,766),(10377,13110,748),(10378,13111,766),(10379,13112,752),(10380,13113,766),(10381,13114,758),(10382,13115,753),(10383,13116,740),(10384,13116,754),(10385,13117,755),(10386,13118,758),(10387,13119,753),(10388,13120,740),(10389,13120,754),(10390,13121,755),(10391,13122,769),(10392,13123,737),(10393,13124,769),(10394,13125,720),(10395,13125,741),(10396,13126,737),(10397,13127,720),(10398,13127,741),(10399,13128,720),(10400,13128,741),(10401,13129,770),(10402,13131,771),(10403,13132,772),(10404,13133,770),(10405,13135,771),(10406,13136,772),(10407,13137,773),(10408,13138,770),(10409,13140,748),(10410,13141,774),(10411,13142,770),(10412,13144,748),(10413,13144,775),(10414,13145,776),(10415,13146,737),(10416,13146,777),(10417,13147,778),(10418,13148,776),(10419,13149,737),(10420,13149,777),(10421,13150,778),(10422,13151,779),(10423,13152,732),(10424,13153,780),(10425,13154,732),(10426,13155,780),(10427,13156,781),(10428,13157,781),(10429,13158,770),(10430,13160,771),(10431,13161,772),(10432,13162,770),(10433,13164,771),(10434,13165,772),(10435,13166,773),(10436,13167,770),(10437,13168,782),(10438,13169,748),(10439,13170,774),(10440,13171,770),(10441,13172,782),(10442,13173,748),(10443,13173,775),(10444,13174,779),(10445,13175,737),(10446,13175,777),(10448,13176,773),(10447,13176,781),(10449,13177,778),(10450,13178,737),(10451,13178,777),(10453,13179,773),(10452,13179,781),(10454,13180,778),(10455,13181,776),(10456,13182,780),(10457,13183,776),(10458,13184,780),(10459,13185,718),(10460,13186,735),(10461,13187,718),(10462,13188,735),(10463,13190,783),(10464,13191,735),(10465,13193,783),(10466,13194,735),(10467,13195,784),(10468,13197,784),(10469,13199,738),(10470,13199,785),(10471,13201,780),(10472,13202,738),(10473,13202,785),(10474,13203,718),(10475,13204,786),(10476,13205,738),(10478,13206,774),(10479,13206,786),(10477,13206,787),(10480,13207,738),(10482,13208,774),(10483,13208,786),(10481,13208,787),(10484,13209,718),(10485,13209,788),(10486,13210,735),(10487,13211,718),(10488,13211,788),(10489,13212,735),(10490,13213,784),(10491,13215,780),(10492,13216,784),(10493,13218,718),(10494,13219,784),(10496,13220,774),(10497,13220,786),(10495,13220,787),(10498,13220,789),(10499,13222,784),(10501,13223,774),(10502,13223,786),(10500,13223,787),(10503,13223,789),(10504,13225,738),(10505,13225,785),(10506,13226,735),(10507,13228,738),(10508,13228,785),(10509,13229,735),(10510,13230,738),(10511,13231,772),(10512,13232,738),(10513,13233,718),(10514,13233,779),(10515,13234,790),(10516,13235,718),(10517,13235,779),(10518,13236,790),(10519,13237,718),(10520,13237,779),(10521,13238,790),(10522,13239,791),(10523,13240,792),(10524,13241,791),(10525,13242,791),(10526,13243,792),(10527,13244,779),(10528,13245,791),(10529,13246,791),(10530,13247,772),(10531,13248,779),(10532,13249,791),(10533,13250,790),(10534,13251,772),(10535,13252,779),(10536,13253,791),(10537,13254,790),(10538,13255,772),(10539,13256,793),(10540,13257,790),(10541,13258,793),(10542,13259,790),(10543,13260,718),(10544,13261,790),(10545,13262,790),(10546,13263,718),(10547,13264,790),(10548,13265,790),(10549,13266,718),(10550,13267,790),(10551,13268,791),(10552,13269,792),(10553,13270,791),(10554,13271,791),(10555,13272,792),(10556,13273,779),(10557,13274,791),(10558,13275,791),(10559,13276,772),(10560,13277,779),(10561,13278,772),(10562,13279,779),(10563,13280,772),(10564,13281,793),(10565,13282,794),(10566,13283,793),(10567,13284,794),(10568,13285,755),(10569,13286,748),(10570,13287,755),(10571,13288,749),(10572,13289,795),(10573,13290,775),(10574,13291,749),(10575,13292,795),(10576,13293,796),(10577,13294,755),(10578,13295,795),(10579,13296,796),(10580,13297,755),(10581,13298,797),(10582,13299,795),(10583,13300,796),(10584,13301,784),(10585,13302,797),(10586,13303,796),(10587,13304,797),(10588,13305,798),(10589,13306,799),(10590,13307,800),(10591,13308,798),(10592,13309,799),(10593,13310,801),(10594,13311,748),(10595,13312,801),(10596,13313,749),(10597,13314,775),(10598,13315,749),(10599,13316,796),(10600,13317,755),(10601,13318,796),(10602,13319,755),(10603,13320,797),(10604,13321,795),(10605,13322,784),(10606,13323,797),(10607,13324,797),(10608,13325,795),(10609,13326,750),(10610,13327,798),(10611,13328,750),(10612,13329,802),(10613,13330,750),(10614,13331,798),(10615,13332,750),(10616,13333,798),(10617,13334,798),(10618,13335,748),(10619,13336,769),(10620,13337,749),(10621,13338,769),(10622,13339,775),(10623,13340,749),(10624,13341,796),(10625,13342,755),(10626,13343,767),(10627,13344,796),(10628,13345,755),(10629,13346,797),(10630,13347,767),(10631,13348,798),(10632,13349,797),(10633,13350,784),(10634,13351,797),(10635,13352,798),(10636,13353,802),(10637,13354,799),(10638,13355,798),(10639,13356,767),(10640,13357,799),(10641,13358,798),(10642,13359,767),(10643,13360,801),(10644,13361,748),(10645,13362,801),(10646,13363,749),(10647,13364,775),(10648,13365,749),(10649,13366,769),(10650,13367,796),(10651,13368,755),(10652,13369,769),(10653,13370,796),(10654,13371,755),(10655,13372,797),(10656,13373,797),(10657,13374,753),(10658,13375,802),(10659,13376,784),(10660,13377,797),(10661,13378,767),(10662,13379,753),(10663,13380,798),(10664,13381,767),(10665,13382,798),(10666,13383,798),(10667,13384,798),(10668,13385,766),(10669,13386,748),(10670,13387,801),(10671,13388,766),(10672,13389,749),(10673,13390,801),(10674,13391,775),(10675,13392,749),(10676,13393,802),(10677,13394,796),(10678,13395,755),(10679,13396,796),(10680,13397,755),(10681,13398,797),(10682,13399,784),(10683,13400,797),(10684,13401,797),(10685,13402,803),(10686,13403,798),(10687,13404,799),(10688,13405,803),(10689,13406,798),(10690,13407,799),(10691,13408,755),(10692,13409,755),(10693,13410,804),(10694,13411,805),(10695,13412,722),(10696,13413,804),(10697,13414,805),(10698,13415,722),(10699,13416,806),(10700,13417,807),(10701,13418,808),(10702,13419,806),(10703,13420,807),(10704,13421,808),(10705,13422,808),(10706,13424,809),(10707,13425,810),(10708,13427,809),(10709,13428,809),(10710,13429,810),(10711,13430,811),(10712,13431,810),(10713,13432,811),(10714,13433,804),(10715,13434,807),(10716,13435,722),(10717,13436,804),(10718,13437,807),(10719,13438,722),(10720,13439,806),(10721,13440,809),(10722,13441,805),(10723,13442,808),(10724,13443,806),(10725,13444,809),(10726,13445,805),(10727,13446,808),(10728,13447,808),(10729,13449,810),(10730,13450,810),(10731,13452,810),(10732,13453,809),(10733,13454,811),(10734,13455,811),(10735,13456,804),(10736,13457,722),(10737,13458,804),(10738,13459,722),(10739,13460,807),(10740,13461,810),(10741,13462,774),(10742,13463,808),(10743,13464,807),(10744,13465,810),(10745,13466,774),(10746,13467,808),(10747,13469,805),(10748,13470,810),(10749,13472,805),(10750,13473,812),(10751,13474,809),(10752,13475,763),(10753,13476,811),(10754,13477,763),(10755,13478,811),(10756,13479,804),(10757,13480,810),(10758,13481,722),(10759,13482,804),(10760,13483,810),(10761,13484,722),(10762,13485,804),(10763,13486,808),(10764,13487,804),(10765,13488,808),(10766,13490,810),(10767,13492,812),(10768,13493,809),(10769,13494,805),(10770,13495,763),(10771,13496,811),(10772,13497,805),(10773,13498,786),(10774,13499,763),(10775,13500,811),(10776,13501,786),(10777,13502,804),(10778,13503,786),(10779,13504,722),(10780,13505,804),(10781,13506,786),(10782,13507,722),(10783,13508,813),(10784,13509,763),(10785,13510,808),(10786,13511,813),(10787,13512,763),(10788,13513,808),(10789,13514,804),(10790,13516,814),(10791,13517,810),(10792,13518,804),(10793,13520,814),(10794,13521,809),(10795,13522,812),(10796,13523,811),(10797,13524,811),(10798,13525,804),(10799,13526,722),(10800,13527,804),(10801,13528,722),(10802,13529,804),(10803,13530,763),(10804,13531,808),(10805,13532,804),(10806,13533,763),(10807,13534,814),(10808,13535,808),(10809,13537,814),(10810,13538,813),(10811,13539,810),(10812,13541,792),(10813,13542,813),(10814,13543,809),(10815,13544,792),(10816,13545,812),(10817,13546,811),(10818,13547,811),(10819,13548,804),(10820,13549,722),(10821,13550,804),(10822,13551,722),(10823,13552,776),(10824,13553,808),(10825,13554,776),(10826,13555,808),(10827,13556,813),(10828,13558,763),(10829,13559,810),(10830,13560,813),(10831,13562,763),(10832,13563,804),(10833,13564,809),(10834,13565,814),(10835,13566,804),(10836,13567,811),(10837,13568,814),(10838,13569,811),(10839,13570,812),(10840,13571,804),(10841,13572,804),(10842,13573,722),(10843,13574,804),(10844,13575,804),(10845,13576,722),(10846,13577,808),(10847,13578,808),(10848,13580,763),(10849,13581,810),(10850,13583,814),(10851,13584,763),(10852,13585,809),(10853,13586,814),(10854,13587,815),(10855,13588,811),(10856,13589,816),(10857,13590,815),(10858,13591,811),(10859,13592,816),(10860,13593,812),(10861,13594,817),(10862,13595,818),(10863,13596,817),(10864,13597,818),(10865,13599,818),(10866,13600,812),(10867,13602,818),(10868,13603,812),(10869,13604,819),(10870,13605,820),(10871,13606,821),(10872,13607,817),(10873,13608,819),(10874,13609,820),(10875,13610,821),(10876,13611,817),(10877,13612,819),(10878,13613,723),(10879,13614,821),(10880,13615,723),(10881,13616,821),(10882,13617,743),(10883,13618,743),(10884,13619,818),(10885,13620,817),(10886,13621,818),(10887,13622,818),(10888,13623,817),(10889,13624,818),(10890,13625,820),(10891,13627,743),(10892,13628,820),(10893,13630,743),(10894,13631,820),(10895,13632,821),(10896,13633,820),(10897,13634,812),(10898,13635,821),(10899,13636,821),(10900,13637,820),(10901,13638,812),(10902,13639,821),(10903,13640,723),(10904,13641,723),(10905,13642,743),(10906,13643,743),(10907,13644,808),(10908,13645,817),(10909,13646,818),(10910,13647,808),(10911,13648,817),(10912,13649,818),(10913,13650,818),(10914,13652,822),(10915,13653,819),(10916,13654,818),(10917,13656,822),(10918,13657,819),(10919,13658,823),(10920,13659,821),(10921,13660,819),(10922,13661,823),(10923,13662,821),(10924,13663,819),(10925,13664,723),(10926,13665,819),(10927,13666,723),(10928,13667,743),(10929,13668,743),(10930,13669,821),(10931,13670,817),(10932,13671,818),(10933,13672,821),(10934,13673,817),(10935,13674,818),(10936,13675,808),(10937,13677,824),(10938,13678,819),(10939,13679,808),(10940,13681,824),(10941,13682,819),(10942,13683,818),(10943,13684,821),(10944,13685,818),(10945,13686,819),(10946,13687,821),(10947,13688,819),(10948,13689,723),(10949,13690,819),(10950,13691,723),(10951,13692,743),(10952,13693,743),(10953,13694,824),(10954,13695,817),(10955,13696,818),(10956,13697,824),(10957,13698,817),(10958,13699,818),(10959,13701,819),(10960,13702,819),(10961,13704,819),(10962,13705,819),(10963,13706,808),(10964,13707,819),(10965,13708,821),(10966,13709,808),(10967,13710,822),(10968,13711,821),(10969,13712,825),(10970,13713,822),(10971,13714,723),(10972,13715,825),(10973,13716,723),(10974,13717,743),(10975,13718,743),(10976,13719,723),(10977,13720,821),(10978,13721,818),(10979,13722,723),(10980,13723,723),(10981,13724,821),(10982,13725,818),(10983,13726,723),(10984,13727,820),(10985,13729,817),(10986,13730,723),(10987,13731,820),(10988,13733,817),(10989,13734,723),(10990,13735,820),(10991,13736,820),(10992,13737,821),(10993,13738,820),(10994,13739,821),(10995,13740,743),(10996,13741,743),(10997,13742,813),(10998,13743,813),(10999,13744,743),(11000,13745,825),(11001,13746,818),(11002,13747,723),(11003,13748,743),(11004,13749,825),(11005,13750,818),(11006,13751,723),(11007,13753,817),(11008,13754,723),(11009,13756,817),(11010,13757,723),(11011,13758,820),(11012,13759,822),(11013,13760,821),(11014,13761,820),(11015,13762,822),(11016,13763,821),(11017,13764,820),(11018,13765,812),(11019,13766,820),(11020,13767,812),(11021,13768,820),(11022,13769,775),(11023,13770,826),(11024,13771,827),(11025,13772,828),(11026,13773,775),(11027,13774,826),(11028,13775,827),(11029,13776,828),(11030,13777,829),(11031,13778,827),(11032,13779,827),(11033,13780,828),(11034,13781,829),(11035,13782,827),(11036,13783,829),(11037,13784,829),(11038,13785,827),(11039,13786,829),(11040,13787,828),(11041,13788,829),(11042,13789,829),(11043,13790,828),(11044,13791,829),(11045,13792,829),(11046,13793,828),(11047,13794,829),(11048,13795,775),(11049,13796,775),(11050,13797,775),(11051,13798,826),(11052,13799,827),(11053,13800,775),(11054,13801,826),(11055,13802,827),(11056,13803,828),(11057,13804,829),(11058,13805,827),(11059,13806,828),(11060,13807,829),(11061,13808,827),(11062,13809,830),(11063,13810,829),(11064,13811,827),(11065,13812,828),(11066,13813,829),(11067,13814,827),(11068,13815,828),(11069,13816,829),(11070,13817,828),(11071,13818,829),(11072,13819,775),(11073,13820,829),(11074,13821,775),(11075,13822,829),(11076,13823,829),(11077,13824,775),(11078,13825,826),(11079,13826,775),(11080,13827,775),(11081,13828,826),(11082,13829,775),(11083,13830,831),(11084,13831,831),(11085,13832,832),(11086,13833,832),(11087,13834,831),(11088,13835,832),(11089,13836,817),(11090,13837,810),(11091,13838,832),(11092,13839,831),(11093,13840,832),(11094,13841,817),(11095,13842,810),(11096,13843,832),(11097,13844,831),(11098,13845,817),(11099,13846,810),(11100,13847,817),(11101,13848,831),(11102,13849,817),(11103,13850,817),(11104,13851,775),(11105,13852,826),(11106,13853,833),(11107,13853,834),(11108,13854,775),(11109,13855,775),(11110,13856,826),(11111,13857,833),(11112,13857,834),(11113,13858,775),(11114,13859,817),(11115,13860,833),(11116,13860,834),(11117,13861,817),(11118,13862,833),(11119,13862,834),(11120,13863,833),(11121,13863,834),(11122,13864,817),(11123,13865,833),(11124,13865,834),(11125,13866,832),(11126,13867,833),(11127,13867,834),(11128,13868,832),(11129,13869,832),(11130,13870,833),(11131,13870,834),(11132,13871,832),(11133,13872,832),(11134,13873,833),(11135,13873,834),(11136,13874,832),(11137,13875,817),(11138,13876,833),(11139,13876,834),(11140,13877,817),(11141,13878,817),(11142,13879,775),(11143,13880,826),(11144,13881,831),(11145,13882,775),(11146,13883,826),(11147,13884,831),(11148,13885,814),(11149,13886,831),(11150,13887,831),(11151,13888,814),(11152,13889,831),(11153,13890,722),(11154,13891,814),(11155,13892,831),(11156,13893,722),(11157,13894,814),(11158,13895,814),(11159,13896,722),(11160,13897,814),(11161,13898,814),(11162,13899,722),(11163,13900,802),(11164,13901,814),(11165,13902,722),(11166,13903,802),(11167,13904,814),(11168,13905,814),(11169,13906,825),(11170,13907,835),(11171,13908,836),(11172,13909,825),(11173,13910,835),(11174,13911,836),(11175,13912,836),(11176,13913,837),(11177,13914,722),(11178,13915,838),(11179,13916,838),(11180,13917,837),(11181,13918,729),(11182,13919,838),(11183,13920,838),(11184,13921,839),(11185,13922,729),(11186,13923,729),(11187,13924,839),(11188,13925,825),(11189,13926,729),(11190,13927,839),(11191,13928,835),(11192,13929,825),(11193,13930,839),(11194,13931,835),(11195,13932,775),(11196,13933,840),(11197,13934,840),(11198,13935,825),(11199,13936,835),(11200,13937,825),(11201,13938,835),(11202,13939,836),(11203,13940,837),(11204,13941,722),(11205,13942,838),(11206,13943,837),(11207,13944,729),(11208,13945,729),(11209,13946,838),(11210,13947,825),(11211,13948,825),(11212,13949,839),(11213,13950,729),(11214,13951,838),(11215,13952,825),(11216,13953,825),(11217,13954,839),(11218,13955,729),(11219,13956,838),(11220,13957,836),(11221,13958,840),(11222,13959,839),(11223,13960,836),(11224,13961,840),(11225,13962,839),(11226,13963,775),(11228,13964,776),(11227,13964,841),(11230,13966,776),(11229,13966,841),(11231,13968,773),(11232,13970,774),(11233,13971,842),(11234,13972,748),(11235,13972,775),(11236,13973,843),(11237,13974,844),(11238,13975,843),(11239,13977,778),(11240,13978,782),(11241,13979,748),(11242,13981,778),(11243,13982,782),(11244,13983,843),(11245,13984,845),(11246,13985,846),(11247,13986,847),(11248,13987,845),(11249,13988,846),(11250,13989,847),(11251,13990,845),(11252,13993,845),(11253,13994,773),(11254,13996,845),(11255,13997,774),(11256,13998,842),(11257,13999,748),(11258,13999,775),(11259,14000,782),(11260,14001,843),(11261,14002,844),(11262,14003,843),(11263,14005,782),(11264,14006,778),(11265,14007,782),(11266,14008,748),(11267,14010,776),(11268,14011,778),(11269,14012,782),(11270,14013,843),(11271,14014,845),(11272,14015,776),(11273,14016,847),(11274,14017,847),(11275,14018,848),(11276,14019,849),(11277,14020,849),(11278,14021,848),(11279,14022,849),(11280,14023,748),(11281,14024,736),(11282,14026,850),(11283,14027,848),(11284,14029,843),(11285,14030,851),(11286,14031,842),(11287,14032,748),(11288,14033,851),(11289,14034,842),(11290,14035,850),(11291,14036,851),(11292,14037,848),(11293,14038,721),(11294,14039,851),(11295,14040,721),(11296,14041,733),(11297,14042,849),(11298,14043,849),(11299,14044,849),(11300,14045,849),(11301,14046,752),(11302,14047,849),(11303,14048,852),(11304,14049,752),(11305,14050,851),(11306,14051,852),(11307,14052,848),(11308,14053,752),(11309,14054,851),(11310,14055,852),(11311,14056,848),(11312,14057,752),(11313,14058,851),(11314,14059,752),(11315,14060,853),(11316,14061,752),(11317,14062,851),(11318,14063,752),(11319,14064,853),(11320,14065,851),(11321,14066,853),(11322,14067,851),(11323,14068,853),(11324,14069,749),(11325,14070,748),(11326,14071,749),(11327,14072,749),(11328,14073,806),(11329,14074,775),(11330,14075,749),(11331,14076,806),(11332,14077,796),(11333,14078,755),(11334,14079,854),(11335,14080,749),(11336,14081,796),(11337,14082,755),(11338,14083,854),(11339,14084,749),(11340,14085,799),(11341,14086,784),(11342,14087,799),(11343,14088,802),(11344,14089,798),(11345,14090,806),(11346,14091,798),(11347,14092,806),(11348,14093,855),(11349,14094,856),(11350,14095,857),(11351,14096,855),(11352,14097,856),(11353,14098,857),(11354,14099,856),(11355,14100,855),(11356,14101,858),(11357,14102,857),(11358,14103,856),(11359,14104,855),(11360,14105,858),(11361,14107,859),(11362,14108,855),(11363,14109,858),(11364,14111,859),(11365,14112,855),(11366,14113,858),(11367,14114,857),(11368,14115,859),(11369,14116,855),(11370,14117,753),(11371,14118,857),(11372,14119,855),(11373,14120,753),(11374,14121,857),(11375,14122,753),(11376,14123,811),(11377,14124,811),(11378,14125,713),(11379,14126,811),(11380,14127,803),(11381,14128,751),(11382,14129,811),(11383,14130,803),(11384,14131,751),(11385,14133,860),(11386,14134,860),(11387,14135,855),(11388,14136,861),(11389,14138,860),(11390,14139,855),(11391,14140,861),(11392,14141,860),(11393,14142,855),(11394,14143,861),(11395,14144,862),(11396,14145,855),(11397,14146,861),(11398,14147,862),(11399,14148,855),(11400,14149,862),(11401,14150,855),(11402,14151,862),(11403,14152,855),(11404,14153,855),(11405,14154,811),(11406,14155,863),(11407,14156,863),(11408,14157,811),(11409,14158,863),(11410,14159,863),(11411,14160,863),(11412,14161,713),(11413,14162,863),(11414,14163,803),(11415,14164,863),(11416,14165,863),(11417,14167,863),(11418,14168,803),(11419,14169,861),(11420,14171,751),(11421,14172,803),(11422,14173,861),(11423,14174,751),(11424,14175,811),(11425,14176,811),(11426,14177,811),(11427,14178,861),(11428,14179,811),(11429,14180,861),(11430,14181,856),(11431,14182,856),(11432,14183,799),(11433,14184,799),(11434,14185,856),(11435,14186,864),(11436,14187,799),(11437,14188,856),(11438,14189,864),(11439,14190,799),(11440,14191,860),(11441,14192,864),(11442,14193,858),(11443,14194,858),(11444,14195,864),(11445,14196,858),(11446,14197,858),(11447,14198,806),(11448,14199,858),(11449,14200,860),(11450,14201,806),(11451,14202,858),(11452,14203,858),(11453,14204,865),(11454,14206,714),(11455,14207,865),(11456,14209,714),(11457,14210,751),(11458,14211,714),(11459,14212,751),(11460,14213,713),(11461,14214,714),(11462,14215,861),(11463,14216,803),(11464,14217,713),(11465,14218,714),(11466,14219,861),(11467,14220,803),(11468,14221,775),(11469,14222,714),(11470,14223,861),(11471,14224,866),(11472,14225,714),(11473,14226,861),(11474,14227,866),(11475,14228,714),(11476,14229,713),(11477,14230,866),(11478,14231,713),(11479,14232,866),(11480,14233,811),(11481,14234,811),(11482,14235,866),(11483,14237,714),(11484,14238,866),(11485,14240,714),(11486,14241,857),(11487,14242,866),(11488,14243,714),(11489,14244,857),(11490,14245,866),(11491,14246,865),(11492,14247,714),(11493,14248,861),(11494,14249,803),(11495,14250,865),(11496,14251,861),(11497,14252,803),(11498,14253,775),(11499,14254,751),(11500,14255,753),(11501,14256,751),(11502,14257,753),(11503,14258,861),(11504,14259,866),(11505,14260,714),(11506,14261,861),(11507,14262,866),(11508,14263,714),(11509,14264,811),(11510,14265,714),(11511,14266,811),(11512,14267,714),(11513,14269,748),(11514,14271,771),(11515,14272,773),(11518,14273,752),(11516,14273,867),(11517,14273,868),(11519,14274,771),(11520,14275,774),(11521,14276,770),(11522,14277,748),(11523,14277,775),(11524,14278,730),(11525,14279,770),(11526,14280,782),(11527,14281,841),(11528,14282,778),(11530,14283,867),(11529,14283,868),(11531,14283,869),(11532,14283,870),(11533,14283,871),(11534,14284,782),(11535,14285,841),(11536,14286,778),(11538,14287,867),(11537,14287,868),(11539,14287,869),(11540,14287,870),(11541,14287,871),(11542,14288,847),(11543,14289,872),(11544,14290,847),(11545,14291,872),(11546,14292,735),(11547,14293,873),(11548,14293,874),(11549,14294,735),(11550,14295,873),(11551,14295,874),(11552,14296,875),(11553,14298,873),(11554,14299,748),(11555,14300,875),(11556,14302,873),(11557,14303,771),(11558,14304,773),(11560,14305,867),(11559,14305,868),(11561,14305,869),(11562,14305,870),(11563,14305,871),(11566,14306,752),(11564,14306,867),(11565,14306,868),(11567,14307,771),(11568,14308,774),(11570,14309,867),(11569,14309,868),(11571,14309,869),(11572,14309,870),(11573,14309,871),(11574,14310,770),(11575,14311,748),(11576,14311,775),(11577,14312,732),(11578,14313,730),(11579,14314,770),(11580,14315,732),(11581,14316,778),(11582,14317,778),(11583,14318,841),(11584,14319,876),(11585,14320,872),(11586,14321,841),(11587,14322,876),(11588,14323,872),(11589,14325,877),(11590,14327,877),(11591,14328,773),(11592,14329,875),(11595,14330,752),(11593,14330,867),(11594,14330,868),(11596,14331,774),(11597,14332,875),(11598,14333,770),(11599,14334,748),(11600,14334,775),(11601,14335,772),(11602,14336,730),(11603,14337,748),(11604,14338,735),(11605,14339,772),(11606,14340,778),(11607,14341,770),(11608,14342,735),(11609,14343,732),(11610,14344,778),(11611,14345,771),(11612,14346,732),(11614,14347,867),(11613,14347,868),(11615,14347,869),(11616,14347,870),(11617,14347,871),(11618,14348,771),(11620,14349,867),(11619,14349,868),(11621,14349,869),(11622,14349,870),(11623,14349,871),(11624,14350,794),(11625,14351,794),(11626,14353,877),(11627,14355,877),(11628,14356,773),(11629,14357,772),(11632,14358,752),(11630,14358,867),(11631,14358,868),(11633,14359,774),(11634,14360,772),(11635,14361,770),(11636,14362,748),(11637,14362,775),(11638,14363,878),(11639,14364,730),(11640,14365,748),(11641,14366,876),(11642,14367,878),(11643,14368,778),(11644,14369,770),(11645,14370,876),(11646,14371,778),(11647,14372,771),(11649,14373,867),(11648,14373,868),(11650,14373,869),(11651,14373,870),(11652,14373,871),(11653,14374,742),(11654,14375,771),(11656,14376,867),(11655,14376,868),(11657,14376,869),(11658,14376,870),(11659,14376,871),(11660,14377,742),(11661,14378,846),(11662,14379,846),(11663,14381,784),(11664,14383,784),(11665,14384,773),(11666,14385,771),(11669,14386,752),(11667,14386,867),(11668,14386,868),(11670,14387,770),(11671,14388,774),(11672,14389,771),(11673,14390,770),(11674,14391,748),(11675,14391,775),(11676,14392,775),(11677,14393,730),(11678,14394,877),(11679,14395,732),(11680,14396,879),(11681,14396,880),(11682,14397,778),(11683,14398,877),(11684,14399,732),(11685,14400,879),(11686,14400,880),(11687,14401,778),(11689,14402,867),(11688,14402,868),(11690,14402,869),(11691,14402,870),(11692,14402,871),(11693,14403,791),(11695,14404,867),(11694,14404,868),(11696,14404,869),(11697,14404,870),(11698,14404,871),(11699,14405,735),(11700,14405,881),(11701,14406,791),(11702,14407,735),(11703,14407,881),(11704,14409,782),(11705,14410,791),(11706,14412,782),(11707,14413,791),(11708,14414,773),(11709,14415,771),(11712,14416,752),(11710,14416,867),(11711,14416,868),(11713,14417,770),(11714,14418,774),(11715,14419,771),(11716,14420,770),(11717,14421,748),(11718,14421,775),(11719,14422,775),(11720,14423,730),(11721,14424,841),(11722,14425,877),(11724,14426,867),(11723,14426,868),(11725,14426,869),(11726,14426,870),(11727,14426,871),(11728,14427,778),(11729,14428,841),(11730,14429,877),(11732,14430,867),(11731,14430,868),(11733,14430,869),(11734,14430,870),(11735,14430,871),(11736,14431,778),(11737,14432,879),(11738,14433,879),(11739,14434,882),(11740,14435,882),(11741,14436,883),(11742,14437,721),(11743,14438,719),(11744,14439,720),(11745,14440,721),(11746,14441,884),(11747,14442,732),(11748,14444,776),(11749,14445,732),(11750,14446,721),(11751,14448,778),(11752,14449,883),(11753,14450,872),(11754,14451,736),(11755,14452,849),(11756,14453,883),(11757,14454,872),(11758,14455,736),(11759,14456,736),(11760,14457,872),(11761,14458,885),(11762,14459,736),(11763,14460,872),(11764,14461,885),(11765,14462,883),(11766,14463,721),(11767,14464,746),(11768,14464,758),(11769,14465,720),(11770,14466,721),(11771,14467,746),(11772,14467,758),(11773,14468,740),(11774,14470,736),(11775,14471,740),(11776,14473,736),(11777,14474,850),(11778,14475,746),(11779,14475,758),(11780,14476,850),(11781,14477,746),(11782,14477,758),(11783,14478,849),(11784,14479,884),(11785,14480,802),(11786,14481,886),(11787,14482,802),(11788,14483,886),(11789,14483,887),(11790,14484,802),(11791,14485,886),(11792,14485,887),(11793,14486,886),(11794,14486,887),(11795,14487,886),(11796,14487,887),(11797,14488,883),(11798,14489,721),(11799,14490,826),(11800,14491,765),(11801,14492,720),(11802,14493,721),(11803,14494,826),(11804,14495,765),(11805,14496,888),(11806,14498,826),(11807,14499,888),(11808,14501,826),(11809,14502,888),(11810,14503,889),(11811,14504,765),(11812,14505,890),(11813,14506,888),(11814,14507,889),(11815,14508,765),(11816,14509,890),(11817,14510,850),(11818,14511,891),(11819,14512,850),(11820,14513,752),(11821,14514,883),(11822,14515,721),(11823,14516,890),(11824,14517,720),(11825,14518,721),(11826,14519,890),(11827,14520,850),(11828,14522,772),(11829,14523,850),(11830,14525,772),(11831,14526,786),(11832,14526,892),(11833,14527,790),(11834,14528,786),(11835,14528,892),(11836,14529,790),(11837,14530,891),(11838,14531,790),(11839,14532,738),(11840,14532,893),(11842,14533,783),(11841,14533,809),(11843,14533,894),(11844,14534,783),(11845,14535,738),(11846,14535,893),(11848,14536,783),(11847,14536,809),(11849,14536,894),(11850,14537,783),(11852,14538,783),(11851,14538,809),(11853,14538,894),(11854,14539,752),(11855,14540,852),(11856,14541,852),(11858,14542,867),(11857,14542,868),(11859,14543,852),(11861,14544,867),(11860,14544,868),(11862,14545,773),(11864,14546,852),(11863,14546,895),(11865,14547,879),(11866,14548,883),(11867,14549,773),(11869,14550,852),(11868,14550,895),(11870,14551,883),(11871,14552,773),(11872,14553,781),(11873,14554,742),(11874,14555,773),(11875,14556,781),(11876,14557,742),(11877,14558,781),(11878,14559,781),(11879,14560,770),(11880,14561,770),(11881,14562,718),(11882,14563,718),(11883,14564,737),(11884,14565,734),(11885,14566,737),(11886,14567,734),(11887,14568,735),(11888,14569,744),(11889,14570,734),(11890,14571,735),(11891,14572,744),(11892,14573,735),(11893,14574,744),(11894,14574,896),(11895,14575,779),(11896,14576,744),(11897,14576,896),(11898,14577,779),(11899,14578,744),(11900,14578,896),(11901,14579,779),(11902,14580,846),(11903,14581,747),(11904,14582,782),(11905,14583,846),(11906,14584,747),(11907,14585,782),(11908,14586,846),(11909,14587,778),(11910,14588,782),(11911,14589,846),(11912,14590,778),(11913,14591,846),(11914,14592,747),(11915,14593,897),(11916,14594,747),(11917,14595,897),(11918,14596,733),(11919,14597,733),(11920,14598,720),(11921,14599,720),(11922,14600,725),(11923,14601,725),(11924,14602,898),(11925,14602,899),(11926,14603,898),(11927,14603,899),(11928,14604,739),(11929,14605,739),(11930,14606,802),(11931,14607,740),(11932,14608,899),(11933,14609,802),(11934,14610,900),(11935,14611,899),(11936,14612,802),(11937,14613,900),(11938,14614,899),(11939,14615,740),(11940,14615,888),(11941,14616,899),(11942,14617,740),(11943,14617,888),(11944,14618,899),(11945,14619,898),(11946,14619,899),(11947,14620,898),(11948,14620,899),(11949,14621,898),(11950,14621,899),(11951,14622,752),(11952,14623,773),(11953,14624,773),(11954,14624,853),(11956,14625,742),(11955,14625,880),(11957,14626,773),(11958,14627,773),(11959,14628,773),(11960,14628,853),(11962,14629,742),(11961,14629,880),(11963,14630,880),(11964,14631,781),(11965,14632,748),(11966,14633,880),(11967,14634,748),(11968,14635,879),(11969,14636,781),(11970,14637,773),(11971,14637,847),(11972,14637,901),(11973,14638,852),(11974,14639,781),(11975,14640,773),(11976,14640,847),(11977,14640,901),(11978,14641,852),(11979,14642,902),(11980,14643,867),(11981,14644,895),(11982,14645,902),(11983,14646,867),(11984,14647,895),(11985,14648,895),(11986,14649,752),(11987,14650,868),(11988,14651,773),(11989,14651,853),(11990,14652,879),(11991,14653,773),(11992,14654,868),(11993,14655,773),(11994,14655,853),(11995,14656,879),(11996,14657,880),(11997,14658,781),(11998,14659,847),(11999,14660,880),(12000,14661,895),(12001,14662,847),(12002,14663,879),(12003,14664,895),(12005,14665,742),(12004,14665,880),(12006,14666,781),(12007,14667,843),(12008,14667,903),(12009,14668,852),(12010,14669,895),(12012,14670,742),(12011,14670,880),(12013,14671,781),(12014,14672,843),(12015,14672,903),(12016,14673,852),(12017,14674,773),(12018,14674,847),(12019,14674,901),(12020,14675,773),(12021,14675,847),(12022,14675,901),(12023,14676,752),(12024,14677,740),(12025,14678,900),(12026,14679,761),(12027,14680,740),(12028,14681,900),(12029,14682,886),(12030,14683,900),(12031,14684,746),(12032,14685,900),(12033,14686,746),(12034,14687,900),(12035,14688,746),(12036,14689,900),(12037,14690,746),(12038,14691,886),(12039,14692,904),(12040,14693,886),(12041,14694,904),(12042,14695,739),(12043,14696,886),(12044,14697,904),(12045,14698,739),(12046,14699,886),(12047,14700,739),(12048,14701,739),(12049,14702,739),(12050,14703,739),(12051,14704,752),(12052,14705,740),(12053,14706,900),(12054,14707,739),(12055,14707,886),(12056,14708,761),(12057,14709,740),(12058,14710,900),(12059,14711,739),(12060,14711,886),(12061,14712,900),(12062,14713,886),(12063,14714,746),(12064,14715,739),(12065,14715,886),(12066,14716,900),(12067,14717,746),(12068,14718,746),(12069,14719,739),(12070,14719,886),(12071,14720,900),(12072,14721,746),(12073,14722,900),(12074,14723,802),(12075,14724,904),(12076,14725,900),(12077,14726,802),(12078,14727,904),(12079,14728,904),(12080,14729,802),(12081,14730,904),(12082,14731,904),(12083,14732,793),(12084,14733,793),(12085,14734,793),(12088,14735,781),(12086,14735,852),(12087,14735,875),(12091,14736,781),(12089,14736,852),(12090,14736,875),(12093,14737,852),(12092,14737,871),(12094,14738,744),(12096,14739,852),(12095,14739,871),(12103,14740,717),(12099,14740,734),(12097,14740,772),(12101,14740,774),(12102,14740,784),(12098,14740,882),(12100,14740,905),(12110,14741,717),(12106,14741,734),(12104,14741,772),(12108,14741,774),(12109,14741,784),(12105,14741,882),(12107,14741,905),(12117,14742,717),(12113,14742,734),(12111,14742,772),(12115,14742,774),(12116,14742,784),(12112,14742,882),(12114,14742,905),(12118,14745,879),(12119,14746,774),(12120,14747,773),(12121,14748,747),(12122,14749,879),(12123,14750,774),(12124,14751,774),(12125,14752,775),(12126,14753,780),(12127,14754,748),(12128,14754,775),(12129,14755,872),(12130,14756,906),(12131,14757,902),(12132,14758,778),(12133,14759,906),(12134,14760,902),(12135,14761,780),(12136,14762,778),(12137,14763,846),(12138,14764,732),(12139,14765,791),(12140,14766,778),(12141,14767,846),(12142,14768,732),(12143,14769,791),(12144,14770,778),(12145,14772,872),(12146,14774,872),(12147,14775,773),(12148,14776,747),(12149,14777,906),(12150,14778,774),(12151,14779,780),(12152,14780,748),(12153,14780,775),(12154,14781,780),(12155,14782,872),(12156,14783,906),(12157,14784,902),(12158,14785,846),(12159,14786,778),(12160,14787,879),(12161,14788,846),(12162,14789,778),(12163,14790,879),(12164,14791,846),(12165,14792,902),(12166,14793,791),(12167,14794,802),(12168,14795,846),(12169,14796,791),(12170,14797,774),(12171,14798,774),(12172,14799,717),(12173,14800,774),(12174,14801,712),(12175,14802,717),(12176,14803,774),(12177,14804,907),(12178,14805,718),(12179,14807,873),(12180,14808,902),(12181,14810,873),(12182,14811,902),(12183,14812,715),(12184,14813,908),(12185,14814,719),(12186,14815,782),(12187,14816,902),(12188,14817,719),(12189,14818,715),(12190,14819,782),(12191,14820,719),(12192,14821,908),(12193,14822,852),(12194,14823,782),(12195,14824,908),(12196,14825,712),(12197,14826,895),(12198,14827,774),(12199,14828,712),(12200,14829,895),(12201,14830,774),(12202,14831,718),(12203,14833,883),(12204,14833,909),(12205,14835,852),(12206,14836,883),(12207,14836,909),(12208,14837,715),(12210,14838,867),(12211,14838,868),(12209,14838,895),(12212,14839,717),(12213,14839,774),(12214,14840,908),(12215,14841,715),(12217,14842,867),(12218,14842,868),(12216,14842,895),(12219,14843,717),(12220,14843,774),(12221,14844,910),(12222,14845,783),(12223,14846,883),(12224,14847,910),(12225,14848,908),(12226,14849,792),(12227,14850,908),(12228,14851,718),(12229,14852,780),(12230,14853,718),(12231,14854,780),(12232,14855,780),(12233,14856,792),(12234,14857,851),(12235,14858,747),(12236,14859,792),(12237,14860,851),(12238,14861,725),(12239,14862,747),(12240,14863,792),(12241,14864,719),(12242,14865,725),(12243,14866,747),(12244,14867,792),(12245,14868,719),(12246,14869,747),(12247,14870,725),(12248,14871,906),(12249,14872,792),(12251,14873,752),(12250,14873,849),(12252,14874,747),(12253,14875,725),(12254,14876,906),(12255,14877,851),(12257,14878,752),(12256,14878,849),(12258,14879,802),(12259,14880,725),(12260,14881,906),(12261,14882,851),(12262,14883,802),(12263,14884,802),(12264,14885,802),(12265,14886,718),(12266,14887,718),(12267,14888,902),(12268,14889,867),(12269,14889,868),(12270,14890,902),(12271,14891,902),(12272,14892,880),(12273,14893,867),(12274,14893,868),(12275,14894,902),(12276,14895,902),(12277,14896,880),(12278,14897,867),(12279,14897,868),(12280,14898,867),(12281,14898,868),(12282,14899,802),(12283,14900,879),(12284,14901,883),(12285,14902,765),(12286,14902,911),(12287,14903,867),(12288,14903,868),(12289,14904,802),(12290,14905,879),(12291,14906,883),(12292,14907,765),(12293,14907,911),(12294,14908,867),(12295,14908,868),(12296,14909,765),(12297,14909,911),(12298,14910,906),(12299,14911,765),(12300,14911,911),(12302,14912,752),(12301,14912,849),(12303,14913,765),(12304,14913,911),(12305,14914,910),(12306,14915,906),(12308,14916,752),(12307,14916,849),(12309,14917,802),(12310,14918,910),(12311,14919,906),(12312,14920,802),(12313,14921,910);
/*!40000 ALTER TABLE `main_schedule_teachers` ENABLE KEYS */;
UNLOCK TABLES;

--
-- Table structure for table `main_subject`
--

DROP TABLE IF EXISTS `main_subject`;
/*!40101 SET @saved_cs_client     = @@character_set_client */;
/*!40101 SET character_set_client = utf8 */;
CREATE TABLE `main_subject` (
  `id` int(11) NOT NULL AUTO_INCREMENT,
  `name` varchar(255) COLLATE utf8_polish_ci NOT NULL,
  `ects` int(11) DEFAULT NULL,
  `exam` tinyint(1) NOT NULL,
  `type` int(11) DEFAULT NULL,
  PRIMARY KEY (`id`)
) ENGINE=InnoDB AUTO_INCREMENT=2312 DEFAULT CHARSET=utf8 COLLATE=utf8_polish_ci;
/*!40101 SET character_set_client = @saved_cs_client */;

--
-- Dumping data for table `main_subject`
--

LOCK TABLES `main_subject` WRITE;
/*!40000 ALTER TABLE `main_subject` DISABLE KEYS */;
INSERT INTO `main_subject` VALUES (1815,'Now. tech. i metody prow. zajęć dydak. E-learning',NULL,0,NULL),(1816,'Etyka zawodu nauczyciela akad. i uczonego sem.',NULL,0,NULL),(1817,'Wyb. zagadnienia z matematyki wyk. co dwa tygodnie',NULL,0,NULL),(1818,'Metod. i metod. badań naukowych sem.',NULL,0,NULL),(1819,'Wybrane zag. z metod numer. wyk.',NULL,0,NULL),(1820,'Zarządzanie projektami sem.',NULL,0,NULL),(1821,'Wybrane zagadnienia z zakresu ochrony środowiska',NULL,0,NULL),(1822,'Wybrane zag.model. i obliczeń inżyn. wyk.',NULL,0,NULL),(1823,'Wyb. zag. mech. analit., drg.  i sta. konst. mech',NULL,0,NULL),(1824,'Wybrane zag. mech. ośrodków ciągłych wyk.',NULL,0,NULL),(1825,'Zaawansowane metody projek. maszyn wyk.',NULL,0,NULL),(1826,'J. OBCY ćw.',NULL,0,NULL),(1827,'Wyb. zag. ze sztucznej inteligencji wyk.',NULL,0,NULL),(1828,'Wyb. zag. z inżynierii oprogramowania wyk.',NULL,0,NULL),(1829,'Wyb. zag. z komp. sys. rozpr. i pr. równ. wyk.',NULL,0,NULL),(1830,'Seminarium specjalistyczne sem.',NULL,0,NULL),(1831,'Mathematics I wyk.',NULL,0,NULL),(1832,'Engineering Design I  wyk.',NULL,0,NULL),(1833,'Engineering Physics-Mechanics I ćw.',NULL,0,NULL),(1834,'Engineering Design I ćw.',NULL,0,NULL),(1835,'Management ',NULL,0,NULL),(1836,'Chemistry wyk.',NULL,0,NULL),(1837,'Mathematics I ćw.',NULL,0,NULL),(1838,'Communication Skills ćw..',NULL,0,NULL),(1839,'Chemistry ćw.',NULL,0,NULL),(1840,'Communication Skills ćw.',NULL,0,NULL),(1841,'Information Technology wyk.',NULL,0,NULL),(1842,'Engineering Physics-Mechanics I wyk.',NULL,0,NULL),(1843,'Information Technology(Tutorials)',NULL,0,NULL),(1844,'Micro- and macroeconomics I wyk.',NULL,0,NULL),(1845,'Engineering Physics-Thermodynamics wyk.',NULL,0,NULL),(1846,'BE&amp;EP II wyk.',NULL,0,NULL),(1847,'Engineering Physics-Mechanics III wyk.',NULL,0,NULL),(1848,'Engineering Physics-Mechanics III lab.',NULL,0,NULL),(1849,'BE&amp;EP II ćw.',NULL,0,NULL),(1850,'Micro- and macroeconomics I ćw.',NULL,0,NULL),(1851,'Engineering Design II-Materials ćw.',NULL,0,NULL),(1852,'Engineering Physics-Thermodynamics ćw.',NULL,0,NULL),(1853,'Engineering Physics-Mechanics III ćw.',NULL,0,NULL),(1854,'Civil Engineering wyk.',NULL,0,NULL),(1855,'Engineering Design II-Materials lab.',NULL,0,NULL),(1856,'Engineering Physics-Thermod. lab 2 godz co 2 tydz.',NULL,0,NULL),(1857,'Engineering Design II-Materials wyk.',NULL,0,NULL),(1858,'Mathematics III ćw.',NULL,0,NULL),(1859,'Civil Engineering proj.',NULL,0,NULL),(1860,'Earth Science &amp; Hydrology  wyk.',NULL,0,NULL),(1861,'Project I',NULL,0,NULL),(1862,'Mathematics III wyk.',NULL,0,NULL),(1863,'Engineering Design IV-Machine Maint. and Diag. wyk',NULL,0,NULL),(1864,'Manufacturing Techn. I lab./proj. co drugi tydzień',NULL,0,NULL),(1865,'Quality and Safety Management wyk.',NULL,0,NULL),(1866,'Manufacturing Technology I wyk.',NULL,0,NULL),(1867,'Management of Waste wyk.',NULL,0,NULL),(1868,'Engineering Design IV-Machine Maint. and Diag. ćw.',NULL,0,NULL),(1869,'Manufacturing Technology I lab.',NULL,0,NULL),(1870,'Engineering Design IV-Machine Maint. and Diag. lab',NULL,0,NULL),(1871,'Artificial Intelligence (Lecture)',NULL,0,NULL),(1872,'Management of Waste lab.',NULL,0,NULL),(1873,'Project III',NULL,0,NULL),(1874,'Numerical Modelling of Heat and Fluid Flow wyk.',NULL,0,NULL),(1875,'Protection of Atmosphere wyk.',NULL,0,NULL),(1876,'Logistics in Enterprise wyk.',NULL,0,NULL),(1877,'Protection of Atmosphere ćw.',NULL,0,NULL),(1878,'Engineering Design V (wykład+lab.)',NULL,0,NULL),(1879,'Numerical Modelling of Heat and Fluid Flow lab.',NULL,0,NULL),(1880,'Manufacturing technology II(wykład - 1,5 godz.)',NULL,0,NULL),(1881,'Manufacturing technology II ćw.',NULL,0,NULL),(1882,'Marketing wyk.',NULL,0,NULL),(1883,'Engineering Design V lab.',NULL,0,NULL),(1884,'Materiałoznawstwo lab.',NULL,0,NULL),(1885,'Grafika inżynierska wyk.',NULL,0,NULL),(1886,'Ochrona własności intelektualnej wyk.',NULL,0,NULL),(1887,'Repetytorium z matematyki ćw. gr. 1',NULL,0,NULL),(1888,'Algebra liniowa i geometria analityczna ćw. gr 1.',NULL,0,NULL),(1889,'Analiza matematyczna ćw. gr. 1',NULL,0,NULL),(1890,'BHP wyk.',NULL,0,NULL),(1891,'Analiza matematyczna wyk.',NULL,0,NULL),(1892,'Materiałoznawstwo wyk.',NULL,0,NULL),(1893,'Algebra liniowa i geometria analityczna wyk.',NULL,0,NULL),(1894,'Ekologia i ochrona środowiska wyk.',NULL,0,NULL),(1895,'Grafika inżynierska proj. gr 1',NULL,0,NULL),(1896,'Grafika inżynierska proj. gr 2',NULL,0,NULL),(1897,'Algebra liniowa i geometria analityczna ćw. gr 2',NULL,0,NULL),(1898,'Repetytorium z matematyki ćw. gr. 2',NULL,0,NULL),(1899,'Analiza matematyczna ćw. gr. 2',NULL,0,NULL),(1900,'Algebra liniowa i geometria analityczna ćw. gr 3',NULL,0,NULL),(1901,'Grafika inżynierska proj. gr 3',NULL,0,NULL),(1902,'Analiza matematyczna ćw. gr. 3',NULL,0,NULL),(1903,'Repetytorium z matematyki ćw. gr. 3',NULL,0,NULL),(1904,'Repetytorium z matematyki ćw. gr. 4',NULL,0,NULL),(1905,'Algebra liniowa i geometria analityczna ćw. gr 4',NULL,0,NULL),(1906,'Analiza matematyczna ćw. gr. 4',NULL,0,NULL),(1907,'Grafika inżynierska proj. gr 4',NULL,0,NULL),(1908,'Repetytorium z matematyki ćw. gr. 5',NULL,0,NULL),(1909,'Analiza matematyczna ćw. gr. 5',NULL,0,NULL),(1910,'Algebra liniowa i geometria analityczna ćw. gr 5',NULL,0,NULL),(1911,'Grafika inżynierska proj. gr 5',NULL,0,NULL),(1912,'Termodynamika wyk.',NULL,0,NULL),(1913,'Wytrzymałość materiałów ćw. ENE',NULL,0,NULL),(1914,'Technologie energetyczne I wyk.',NULL,0,NULL),(1915,'Metrologia techniczna wyk.',NULL,0,NULL),(1916,'Termodynamika ćw. ',NULL,0,NULL),(1917,'\"Wytrzymałość materiałów lab. co 2 tyg. zajęcia\nSowa Leszek  Dr inż. /IMiPKM/\ns. 39 /IMiPKM/\"<br/></',NULL,0,NULL),(1918,'Organizacja i zarządzanie ćw. ENE',NULL,0,NULL),(1919,'Metrologia i systemy pomiarowe wyk.',NULL,0,NULL),(1920,'\"Wytrzymałość materiałów lab. co 2 tyg. zajęcia\nSowa Leszek  Dr inż. /IMiPKM/\ns. 39 /IMiPKM/\"',NULL,0,NULL),(1921,'Organizacja i zarządzanie wyk.',NULL,0,NULL),(1922,'Metrologia i systemy pomiarowe lab.',NULL,0,NULL),(1923,'Mechanika płynów I wyk.',NULL,0,NULL),(1924,'Wytrzymałość materiałów wyk.',NULL,0,NULL),(1925,'Technologie energetyczne I lab.',NULL,0,NULL),(1926,'Wytrzymałość materiałów lab. co 2 tyg. zajęcia',NULL,0,NULL),(1927,'Mechanika płynów I ćw. ',NULL,0,NULL),(1928,'Metrologia techniczna lab.',NULL,0,NULL),(1929,'Ogrzewnictwo, wentylacja i klimatyzacja wyk.',NULL,0,NULL),(1930,'Teoria spalania wyk.',NULL,0,NULL),(1931,'Tłokowe silniki spalinowe lab.',NULL,0,NULL),(1932,'Teoria spalania lab.',NULL,0,NULL),(1933,'Tłokowe silniki spalinowe wyk.',NULL,0,NULL),(1934,'Przesyłanie energi elektrycznej wyk.',NULL,0,NULL),(1935,'Przesyłanie energi elektrycznej lab co 2 tyg.',NULL,0,NULL),(1936,'Dynamika maszyn cieplnych wyk.',NULL,0,NULL),(1937,'Ogrzewnictwo, wentylacja i klimatyzacja lab.',NULL,0,NULL),(1938,'Ogrzewnictwo, wentylacja i klimatyzacja ćw.',NULL,0,NULL),(1939,'Technologie energetyczne III lab.',NULL,0,NULL),(1940,'Technologie energetyczne III wyk.',NULL,0,NULL),(1941,'Dynamika maszyn cieplnych lab.',NULL,0,NULL),(1942,'Organizacja i zarzadzanie sem. (3 godz. lekc.)',NULL,0,NULL),(1943,'Przeróbka mech. surowców wyk.(3 godz. lekc.)',NULL,0,NULL),(1944,'Aerody. środ. wyk. E-learning(3 godz. lekc.)',NULL,0,NULL),(1945,'Ochrona własności intelekt.wyk.(1,5 godz. lekc.)',NULL,0,NULL),(1946,'Aerodynamika środowiska ćw.(1.5 godz. lekc.)',NULL,0,NULL),(1947,'Świadectwa energ. i audyt sem.(3 godz. lekc.)',NULL,0,NULL),(1948,'Świadectwa energ. i audyt wyk.(3 godz. lekc.)',NULL,0,NULL),(1949,'Aerodynamika środowiska  lab.(1.5 godz. lekc.)',NULL,0,NULL),(1950,'Przeróbka mech. surowców lab.(3 godz. lekc.)',NULL,0,NULL),(1951,'Sem. dyp. sem.(1.5 godz. lekc.)',NULL,0,NULL),(1952,'Algebra liniowa i geometria ćw.',NULL,0,NULL),(1953,'Ochrona własności intelektualnej  wyk.',NULL,0,NULL),(1954,'Repetytorium z matematyki ćw.',NULL,0,NULL),(1955,'Podstawy przedsiębiorczości wyk.',NULL,0,NULL),(1956,'Podstawy informatyki wyk.',NULL,0,NULL),(1957,'Algebra liniowa i geometria  wyk.',NULL,0,NULL),(1958,'Analiza matematyczna ćw.',NULL,0,NULL),(1959,'Algorytmy i struktury danych wyk.',NULL,0,NULL),(1960,'Podstawy informatyki ćw.',NULL,0,NULL),(1961,'Bezpieczeństwo i higiena pracy  wyk.',NULL,0,NULL),(1962,'Algorytmy i struktury danych ćw.',NULL,0,NULL),(1963,'Logika wyk.',NULL,0,NULL),(1964,'Logika ćw',NULL,0,NULL),(1965,'Podstawy przedsiębiorczości ćw. ',NULL,0,NULL),(1966,'Technika cyfrowa wyk.',NULL,0,NULL),(1967,'Podstawy sieci komputerowych lab.',NULL,0,NULL),(1968,'Podstawy sieci komputerowych wyk.',NULL,0,NULL),(1969,'Rach. prawd. i statystyka ćw. gr.1.',NULL,0,NULL),(1970,'Technika cyfrowa lab.',NULL,0,NULL),(1971,'Architektura syst. komp. wyk',NULL,0,NULL),(1972,'Architektura syst. komp. ćw. gr. 1',NULL,0,NULL),(1973,'Układy elektroniczne i technika pomiarowa lab,',NULL,0,NULL),(1974,'Metody programowania wyk.',NULL,0,NULL),(1975,'Układy elektroniczne i technika pomiarowa wyk.',NULL,0,NULL),(1976,'Metody programowania lab.',NULL,0,NULL),(1977,'Rach. prawd. i statystyka wyk.',NULL,0,NULL),(1978,'Architektura syst. komp. ćw. gr. 2',NULL,0,NULL),(1979,'Rach. prawd. i statystyka ćw. gr.2.',NULL,0,NULL),(1980,'Rach. prawd. i statystyka ćw. gr.3.',NULL,0,NULL),(1981,'Architektura syst. komp. ćw. gr. 3',NULL,0,NULL),(1982,'Rach. prawd. i statystyka ćw. gr.4.',NULL,0,NULL),(1983,'Architektura syst. komp. ćw. gr. 4',NULL,0,NULL),(1984,'Programowanie stron internetowych wyk.',NULL,0,NULL),(1985,'Sztuczna inteligencja wyk.',NULL,0,NULL),(1986,'Sztuczna inteligencja lab.',NULL,0,NULL),(1987,'Programowanie współbieżne i rozproszone lab.',NULL,0,NULL),(1988,'Cyfrowe przetwarzanie sygnałów lab.',NULL,0,NULL),(1989,'Cyfrowe przetwarzanie sygnałów wyk.',NULL,0,NULL),(1990,'Inżynieria oprogramowania wyk.',NULL,0,NULL),(1991,'Programowanie stron internetowych lab.',NULL,0,NULL),(1992,'Programowanie współbieżne i rozproszone wyk.',NULL,0,NULL),(1993,'Inżynieria oprogramowania lab.',NULL,0,NULL),(1994,'Optymalizacja stron internetowych wyk.',NULL,0,NULL),(1995,'Analiza i przetwarzanie obrazów cyfrowych wyk.',NULL,0,NULL),(1996,'Analiza i przetwarzanie obrazów cyfrowych lab.',NULL,0,NULL),(1997,'Programowanie rozproszone i równoległe lab.',NULL,0,NULL),(1998,'Zarządzanie infrastrukturą teleinformatyczną wyk.',NULL,0,NULL),(1999,'Technologie internetowe wyk.',NULL,0,NULL),(2000,'Programowanie rozproszone i równoległe wyk.',NULL,0,NULL),(2001,'Technologie internetowe lab.',NULL,0,NULL),(2002,'Podst. przedsięb. wyk. (1.5 godz. lekc.)',NULL,0,NULL),(2003,'Ochrona własn. intelekt. wyk.(1.5 godz. lekc.)',NULL,0,NULL),(2004,'Testowanie oprogramowania wyk.(3 godz. lekc.)',NULL,0,NULL),(2005,'Prog, sys, wbudowanych lab.(3 godz. lekc.)',NULL,0,NULL),(2006,'Projekt zespołowy lab. (4.5 godz. lekc.)',NULL,0,NULL),(2007,'Testowanie oprogramowania lab. (3 godz. lekc.)',NULL,0,NULL),(2008,'Prog. sys. wbudowanych wyk. (3 godz. lekc.)',NULL,0,NULL),(2009,'Podst. przedsięb. ćw. IO (1.5 godz. lekc.)',NULL,0,NULL),(2010,'Podst. przedsiębi.	ćw. PAI (1.5 godz. lekc.)',NULL,0,NULL),(2011,'Projekt zespołowy lab. (6 godz. lekc.)',NULL,0,NULL),(2012,'Prog, urządzeń mobilnych lab.(3 godz. lekc.)',NULL,0,NULL),(2013,'Prog. urządzeń mobilnych wyk.(3 godz. lekc.)',NULL,0,NULL),(2014,'Zaawan, prog, internetowe lab. (3 godz. lekc.)',NULL,0,NULL),(2015,'Projekt zespołowy lab. (3 godz. lekc.)',NULL,0,NULL),(2016,'Zaawan. prog. internetowe wyk. (3 godz. lekc.)',NULL,0,NULL),(2017,'Admin. siec. sys. oper.i lab.(3 godz. lekc.)',NULL,0,NULL),(2018,'Admin. siec. sys.oper. wyk.(3 godz. lekc.)',NULL,0,NULL),(2019,'Zarz.infr. i diag.sieci komp. wyk.(3 godz. lekc.)',NULL,0,NULL),(2020,'Zarz.infr. i diag.sieci komp. lab.(1.5 godz. lekc)',NULL,0,NULL),(2021,'Podst. przedsięb. ćw.SK (1.5 godz. lekc.)',NULL,0,NULL),(2022,'Prog. wielowarstwowe i komponentowe wyk.',NULL,0,NULL),(2023,'Tw. aplik. mob. dla systemów ERP wyk.',NULL,0,NULL),(2024,'Programowanie w środowisku ERP lab',NULL,0,NULL),(2025,'Programowanie w środowisku ERP wyk.',NULL,0,NULL),(2026,'Inteligencja obliczeniowa wyk.',NULL,0,NULL),(2027,'Bezpieczeństwo komunikacji elektronicznej wyk.',NULL,0,NULL),(2028,'Programowanie aplikacji dla WINDOWS lab.',NULL,0,NULL),(2029,'Programowanie aplikacji dla WINDOWS wyk.',NULL,0,NULL),(2030,'Korporacyjne systemy zarządzania informacją wyk.',NULL,0,NULL),(2031,'Inteligencja obliczeniowa lab.',NULL,0,NULL),(2032,'Korporacyjne systemy zarządzania informacją lab.',NULL,0,NULL),(2033,'Eksploracja danych biznesowych wyk.',NULL,0,NULL),(2034,'Prog. wielowarstwowe i komponentowe lab.',NULL,0,NULL),(2035,'Eksploracja danych biznesowych lab.',NULL,0,NULL),(2036,'Tw. aplik. mob. dla systemów ERP lab.',NULL,0,NULL),(2037,'Prowadzenie działalności gospodarczej wyk.',NULL,0,NULL),(2038,'Bezpieczeństwo komunikacji elektronicznej lab.',NULL,0,NULL),(2039,'Chrmia wyk.',NULL,0,NULL),(2040,'Zarys anatomii wyk.',NULL,0,NULL),(2041,'Propedeutyka nauk medycznych wyk.',NULL,0,NULL),(2042,'Biofizyka wyk.',NULL,0,NULL),(2043,'Zarys anatomii sem.',NULL,0,NULL),(2044,'Chemia lab. co 2 tyg po 2 godz. ',NULL,0,NULL),(2045,'Wytrzymałość materiałów ćw. IB',NULL,0,NULL),(2046,'Organizacja i zarządzanie ćw. IB',NULL,0,NULL),(2047,'Propedeutyka nauk medycznych sem.',NULL,0,NULL),(2048,'Języki programowania wyk.',NULL,0,NULL),(2049,'Języki programowania lab.',NULL,0,NULL),(2050,'Podstawy inżynierii rehabilitacyjnej wyk.',NULL,0,NULL),(2051,'Mech. i wytrzy. struktur kostnych i implantów wyk.',NULL,0,NULL),(2052,'Mech. i wytrzy. struktur kostnych i implantów lab.',NULL,0,NULL),(2053,'Wybrane zagadnienia konstrukcji maszyn lab.',NULL,0,NULL),(2054,'Podstawy robotyki wyk.',NULL,0,NULL),(2055,'Prawne i etyczne aspekty inż. biom. wyk.',NULL,0,NULL),(2056,'Podstawy ortopedii klinicznej sem.',NULL,0,NULL),(2057,'Elektroniczna aparatura medyczna wyk.',NULL,0,NULL),(2058,'Podstawy ortopedii klinicznej wyk.',NULL,0,NULL),(2059,'Organizacja i zarządzanie sem.',NULL,0,NULL),(2060,'Podstawy robotyki lab.',NULL,0,NULL),(2061,'Elektroniczna aparatura medyczna lab.',NULL,0,NULL),(2062,'Podstawy inżynierii rehabilitacyjnej sem.',NULL,0,NULL),(2063,'Wybrane zagadnienia konstrukcji maszyn wyk.',NULL,0,NULL),(2064,'Wybrane zagadnienia konstrukcji maszyn ćw.',NULL,0,NULL),(2065,'Komp. wsp. proj. implantów lab.(3 godz. lekc.)',NULL,0,NULL),(2066,'Komp. wsp. proj. implantów wyk.(1.5 godz. lekc.)',NULL,0,NULL),(2067,'Proj. sprzętu rehabilitac. proj.(3 godz. lekc.)',NULL,0,NULL),(2068,'Proj.sprzętu rehabilitac. wyk.(3 godz. lekc.)',NULL,0,NULL),(2069,'Podstawy biotribologii lab.(1.5 godz. lekc.)',NULL,0,NULL),(2070,'Praw. i ety. asp. inż.i biom.wyk.(1.5 godz. lekc.)',NULL,0,NULL),(2071,'Pods.eks.urz.i sprzętu rehab.sem.(1.5 godz. lekc.)',NULL,0,NULL),(2072,'Podstawy biotribologii wyk.(1.5 godz. lekc.)',NULL,0,NULL),(2073,'Pods.eks.urz.i sprzętu rehab.wyk.(1.5 godz. lekc.)',NULL,0,NULL),(2074,'Prow, dział.i gosp. wyk.(1.5 godz. lekc.)',NULL,0,NULL),(2075,'Prow. dział. gosp. ćw.(1.5 godz. lekc.)',NULL,0,NULL),(2076,'Teoria mnogości wyk.',NULL,0,NULL),(2077,'Teoria mnogości ćw.',NULL,0,NULL),(2078,'Logika ćw.',NULL,0,NULL),(2079,'Rachunek prawdopodobieństwa wyk. co dwa tygodnie',NULL,0,NULL),(2080,'Funkcje zespolone ćw.',NULL,0,NULL),(2081,'Równania różniczkowe wyk.',NULL,0,NULL),(2082,'Funkcje zespolone wyk.',NULL,0,NULL),(2083,'Algebra wyk.',NULL,0,NULL),(2084,'Analiza matematyczna III wyk.',NULL,0,NULL),(2085,'Rachunek prawdopodobieństwa ćw. co dwa tygodnie',NULL,0,NULL),(2086,'Algebra ćw.',NULL,0,NULL),(2087,'Równania różniczkowe ćw.',NULL,0,NULL),(2088,'Analiza matematyczna III ćw.',NULL,0,NULL),(2089,'Statystyka matematyczna wyk.',NULL,0,NULL),(2090,'Elementy teorii dys. i etyki pracy twórczej sem.',NULL,0,NULL),(2091,'Statystyka matematyczna ćw.',NULL,0,NULL),(2092,'Prog. liniowe w zagad. finansowych wyk.',NULL,0,NULL),(2093,'Prog. liniowe w zagad. finansowych lab.',NULL,0,NULL),(2094,'Obliczenia symboliczne w ekonomii wyk.',NULL,0,NULL),(2095,'Obliczenia symboliczne w ekonomii lab.',NULL,0,NULL),(2096,'Ryzyko w ubezpieczeniach wyk. co dwa tygodnie',NULL,0,NULL),(2097,'Teoria gier i decyzji wyk.',NULL,0,NULL),(2098,'Teoria gier i decyzji ćw.',NULL,0,NULL),(2099,'Wstęp do matematyki finansowej wyk.',NULL,0,NULL),(2100,'Ryzyko w ubezpieczeniach ćw. co dwa tygodnie',NULL,0,NULL),(2101,'Wstęp do matematyki finansowej ćw.',NULL,0,NULL),(2102,'Wybrane zagadnienia modelowania mat. wyk.',NULL,0,NULL),(2103,'Oblicz. symboliczne w zagadnieniach tech. wyk.',NULL,0,NULL),(2104,'Oblicz. symboliczne w zagadnieniach tech. lab.',NULL,0,NULL),(2105,'Wybrane zagadnienia modelowania mat. lab.',NULL,0,NULL),(2106,'Programowanie liniowe w technice ćw.',NULL,0,NULL),(2107,'Programowanie liniowe w technice wyk.',NULL,0,NULL),(2108,'Programowanie liniowe w technice lab.',NULL,0,NULL),(2109,'Wykład monograficzny wyk.',NULL,0,NULL),(2110,'Analiza zespolona ćw.',NULL,0,NULL),(2111,'Matematyczne podstawy informatyki wyk.',NULL,0,NULL),(2112,'Analiza zespolona wyk.',NULL,0,NULL),(2113,'Wybrane zagadnienia topologii wyk.',NULL,0,NULL),(2114,'Matematyczne podstawy informatyki ćw.',NULL,0,NULL),(2115,'Równania różnicowe wyk.',NULL,0,NULL),(2116,'Wybrane zagadnienia topologii ćw.',NULL,0,NULL),(2117,'Algebra współczesna i jej zastosowania ćw.',NULL,0,NULL),(2118,'Logika matematyczna wyk.',NULL,0,NULL),(2119,'Logika matematyczna ćw.',NULL,0,NULL),(2120,'Równania różnicowe ćw.',NULL,0,NULL),(2121,'Algebra współczesna i jej zastosowania wyk.',NULL,0,NULL),(2122,'Wybrane zagadnienia statystyki mat. lab.',NULL,0,NULL),(2123,'Zast. analizy stochastycznej w finansach wyk.',NULL,0,NULL),(2124,'Metody optymalizacji w ekonomii lab.',NULL,0,NULL),(2125,'Zast. analizy stochastycznej w finansach wyk./',NULL,0,NULL),(2126,'Seminarium dyplomowe sem.',NULL,0,NULL),(2127,'Wybrane zagadnienia statystyki mat. wyk.',NULL,0,NULL),(2128,'Metody optymalizacji w ekonomii wyk.',NULL,0,NULL),(2129,'Zast. analizy stochastycznej w finansach ćw.',NULL,0,NULL),(2130,'Wybrane zagadnienia statystyki mat. ćw.',NULL,0,NULL),(2131,'Modele matematyki finansowej ćw.',NULL,0,NULL),(2132,'Modele matematyki finansowej wyk.',NULL,0,NULL),(2133,'Organizacja i zarządzanie ćw. MBM1',NULL,0,NULL),(2134,'Wytrzymałość materiałów ćw. MBM1',NULL,0,NULL),(2135,'Maszyny i urządzenia technologiczne wyk.',NULL,0,NULL),(2136,'Termodynamika techniczna wyk.',NULL,0,NULL),(2137,'Mechanika II wyk.',NULL,0,NULL),(2138,'Termodynamika techniczna  ćw.',NULL,0,NULL),(2139,'Maszyny i urządzenia technologiczne lab.',NULL,0,NULL),(2140,'Mechanika II ćw.',NULL,0,NULL),(2141,'Termodynamika techniczna  lab.',NULL,0,NULL),(2142,'Ekologia i ochrona środowiska lab.',NULL,0,NULL),(2143,'Organizacja i zarządzanie ćw. MBM2',NULL,0,NULL),(2144,'Wytrzymałość materiałów ćw. MBM2',NULL,0,NULL),(2145,'Wytrzymałość materiałów ćw. MBM3',NULL,0,NULL),(2146,'Organizacja i zarządzanie ćw. MBM3',NULL,0,NULL),(2147,'Robotyka wyk.',NULL,0,NULL),(2148,'Podstawy konstrukcji maszyn wyk.',NULL,0,NULL),(2149,'Komputerowe wspomaganie prac inżynierskich wyk.',NULL,0,NULL),(2150,'Podstawy eksploatacji maszyn wyk.',NULL,0,NULL),(2151,'Podstawy konstrukcji maszyn lab.',NULL,0,NULL),(2152,'Podstawy teorii sprężystości ćw.',NULL,0,NULL),(2153,'Podstawy eksploatacji maszyn lab.',NULL,0,NULL),(2154,'Komputerowe wspomaganie projektowania wyk.',NULL,0,NULL),(2155,'Podstawy teorii sprężystości wyk.',NULL,0,NULL),(2156,'Robotyka lab.',NULL,0,NULL),(2157,'Metoda elementów skończonych lab.',NULL,0,NULL),(2158,'Komputerowe wspomaganie projektowania lab.',NULL,0,NULL),(2159,'Zarządzanie środowiskowe i bhp proj.',NULL,0,NULL),(2160,'Podstawy konstrukcji maszyn proj.',NULL,0,NULL),(2161,'Metoda elementów skończonych wyk.',NULL,0,NULL),(2162,'Komputerowe wspomaganie prac inżynierskich lab.',NULL,0,NULL),(2163,'Tworzywa polimerowe wyk.',NULL,0,NULL),(2164,'Technologia przetwórstwa polimerów I wyk.',NULL,0,NULL),(2165,'Tworzywa polimerowe lab.',NULL,0,NULL),(2166,'Mechanizacja i automatyzacja w przetwórstwie wyk.',NULL,0,NULL),(2167,'Komp. wspomaganie procesów przetwórstwa wyk.',NULL,0,NULL),(2168,'Podstawy teoretyczne przetwórstwa sem.',NULL,0,NULL),(2169,'Komp. wspomaganie procesów przetwórstwa lab.',NULL,0,NULL),(2170,'Podstawy teoretyczne przetwórstwa wyk.',NULL,0,NULL),(2171,'Konstrukcje spawane wyk.',NULL,0,NULL),(2172,'Urządzenia i osprzęt spawalniczy wyk.',NULL,0,NULL),(2173,'Technologia spawania wyk.',NULL,0,NULL),(2174,'Konstrukcje spawane ćw.',NULL,0,NULL),(2175,'Technologia spawania lab.',NULL,0,NULL),(2176,'Normowanie prac spawalniczych wyk.',NULL,0,NULL),(2177,'Urządzenia i osprzęt spawalniczy lab.',NULL,0,NULL),(2178,'Normowanie prac spawalniczych ćw.',NULL,0,NULL),(2179,'Kotły parowe i wodne wyk.',NULL,0,NULL),(2180,'Diagnostyka maszyn lab.',NULL,0,NULL),(2181,'Kotły parowe i wodne lab.',NULL,0,NULL),(2182,'Diagnostyka maszyn wyk.',NULL,0,NULL),(2183,'Cieplne silniki tłokowe lab.',NULL,0,NULL),(2184,'Cieplne silniki tłokowe wyk.',NULL,0,NULL),(2185,'Proj. proc. obr. plast. proj.(3 godz. lekc.)',NULL,0,NULL),(2186,'Programowanie robotów lab.(1.5 godz. lekc.)',NULL,0,NULL),(2187,'Komp. proj. oprzyrz. tech. wyk.(1.5 godz. lekc.)',NULL,0,NULL),(2188,'Systemy projektowania CAM wyk.(1.5 godz. lekc.)',NULL,0,NULL),(2189,'Programowanie robotów wyk.(1.5 godz. lekc.)',NULL,0,NULL),(2190,'Komp. proj. oprzyrz. tech. proj.(1.5 godz. lekc.)',NULL,0,NULL),(2191,'Proj. chwytaków i narzędzi wyk.(1.5 godz. lekc.)',NULL,0,NULL),(2192,'Przemysłowe systemy komp.wyk.(1.5 godz. lekc.)',NULL,0,NULL),(2193,'Proj. chwytaków i narzędzi proj.(1.5 godz. lekc.)',NULL,0,NULL),(2194,'Tech.spalania paliw stałych ćw.(1.5 godz. lekc.)',NULL,0,NULL),(2195,'Semi. dyp. sem.(1.5 godz. lekc.)',NULL,0,NULL),(2196,'Optym. proc. cieplnych wyk.(1.5 godz. lekc.)',NULL,0,NULL),(2197,'Optym. proc. cieplnych lab.(3 godz. lekc.)',NULL,0,NULL),(2198,'Tech. spalania paliw stałych wyk.(3 godz. lekc.)',NULL,0,NULL),(2199,'Wprow. do numer. mech. pły. wyk.(1.5 godz. lekc)',NULL,0,NULL),(2200,'Wprow. do numer. mech. pły. lab.(3 godz. lekc.)',NULL,0,NULL),(2201,'Tech. spalania paliw stałych lab.(3 godz. lekc.)',NULL,0,NULL),(2202,'Mechanika materiałów lab.(3 godz. lekc.)',NULL,0,NULL),(2203,'Kinem. i dynam. mecha. wyk.(1.5 godz. lekc.)',NULL,0,NULL),(2204,'Kom. proj. proc.techn. proj.(3 godz. lekc.)',NULL,0,NULL),(2205,'Sem. dypl.sem.(1.5 godz. lekc.)',NULL,0,NULL),(2206,'Mechanika materiałów wyk.(1.5 godz. lekc.)',NULL,0,NULL),(2207,'Kinem. i dynam. mecha. lab.(1.5 godz. lekc.)',NULL,0,NULL),(2208,'Drgania i stat. ukł. spręż, wyk.(1.5 godz. lekc.)',NULL,0,NULL),(2209,'Drgania i stat. ukł. spręż. lab.(1.5 godz. lekc.)',NULL,0,NULL),(2210,'Analiza modalna wyk.(1.5 godz. lekc.)',NULL,0,NULL),(2211,'Analiza modalna lab.(1.5 godz. lekc.)',NULL,0,NULL),(2212,'Kontrola jak. mat. i wyrobów wyk.(1.5 godz. lekc.)',NULL,0,NULL),(2213,'Proj. proc. przetwórstwa wyk. (1.5 godz. lekc.)',NULL,0,NULL),(2214,'Proj. proc. przetwórstwa proj. (3 godz. lekc.)',NULL,0,NULL),(2215,'Konstrukcje spawane wyk.(1.5 godz. lekc.)',NULL,0,NULL),(2216,'Kontrola jak. mat. i wyrobów lab.(1.5 godz. lekc.)',NULL,0,NULL),(2217,'Konstrukcje spawane ćw.(3 godz. lekc.)',NULL,0,NULL),(2218,'Kontrola jak. mat. i wyrobów lab.(3 godz. lekc.)',NULL,0,NULL),(2219,'BHP i ergonomia wyk.',NULL,0,NULL),(2220,'Metrologia i inżynieria jakości I lab.',NULL,0,NULL),(2221,'Systemy CAD/CAM w technikach wytwarzania wyk.',NULL,0,NULL),(2222,'Wybrane języki prog. i sieci komp. w TW II lab.',NULL,0,NULL),(2223,'Metrologia i inżynieria jakości I wyk.',NULL,0,NULL),(2224,'Aplik. ster. PLC w ukł. ster. produkcją wyk.',NULL,0,NULL),(2225,'Modelowanie w projektowaniu obrabiarek wyk.',NULL,0,NULL),(2226,'Ana. i model. proc. obr.i skraw. i plast. II lab.',NULL,0,NULL),(2227,'Wybrane języki prog. i sieci komp. w TW II wyk.',NULL,0,NULL),(2228,'Proj. procesów tech. na obrabiarki CNC II wyk.',NULL,0,NULL),(2229,'Modelowanie w projektowaniu obrabiarek lab.',NULL,0,NULL),(2230,'Systemy CAD/CAM w technikach wytwarzania lab.',NULL,0,NULL),(2231,'Ana. i model. proc. obr.i skraw. i plast. II wyk.',NULL,0,NULL),(2232,'Aplik. ster. PLC w ukł. ster. produkcją lab.',NULL,0,NULL),(2233,'Proj. procesów tech. na obrabiarki CNC II proj.',NULL,0,NULL),(2234,'Praca przejściowa I proj.',NULL,0,NULL),(2235,'Proj. procesów tech. na obrabiarki CNC II lab.',NULL,0,NULL),(2236,'Technologia przetwórstwa i obróbki II wyk.',NULL,0,NULL),(2237,'Projektowanie przetwórstwa wyk.',NULL,0,NULL),(2238,'Sterowanie maszynami przetwórczymi wyk.',NULL,0,NULL),(2239,'Komp. wsp. proj. narzędzi przetwórczych wyk.',NULL,0,NULL),(2240,'Technologia przetwórstwa i obróbki II lab.',NULL,0,NULL),(2241,'Fizykochemia polimerów wyk.',NULL,0,NULL),(2242,'Sterowanie maszynami przetwórczymi lab.',NULL,0,NULL),(2243,'Fizykochemia polimerów lab.',NULL,0,NULL),(2244,'Komp. wsp. proj. narzędzi przetwórczych lab.',NULL,0,NULL),(2245,'Model. w proj. maszyn przetwórczych wyk.',NULL,0,NULL),(2246,'Model. w proj. maszyn przetwórczych lab.',NULL,0,NULL),(2247,'Projektowanie przetwórstwa proj.',NULL,0,NULL),(2248,'Ochrona środowiska wyk.',NULL,0,NULL),(2249,'Ochrona środowiska sem.',NULL,0,NULL),(2250,'Zintegrowane systemy wytwarzania wyk.',NULL,0,NULL),(2251,'Zintegrowane systemy wytwarzania lab.',NULL,0,NULL),(2252,'Praca przejściowa II proj.',NULL,0,NULL),(2253,'Teoria maszyn i mechanizmów wyk.',NULL,0,NULL),(2254,'Organizacja i zarządzanie ćw. MTR1',NULL,0,NULL),(2255,'Mechanika płynów wyk.',NULL,0,NULL),(2256,'Podstawy programowania komputerów  wyk.',NULL,0,NULL),(2257,'Bazy danych i systemy ekspertowe wyk.',NULL,0,NULL),(2258,'Podstawy mechatroniki wyk.',NULL,0,NULL),(2259,'Bazy danych i systemy ekspertowe lab.',NULL,0,NULL),(2260,'Podstawy mechatroniki lab.',NULL,0,NULL),(2261,'Mechanika płynów ćw.',NULL,0,NULL),(2262,'Podstawy programowania komputerów lab.',NULL,0,NULL),(2263,'Mechanika płynów lab. co 2 tyg, po 2 godziny',NULL,0,NULL),(2264,'Wytrzymałość materiałów ćw. MTR1',NULL,0,NULL),(2265,'Wytrzymałość materiałów ćw. MTR2',NULL,0,NULL),(2266,'Organizacja i zarządzanie ćw. MTR2',NULL,0,NULL),(2267,'Miernictwo i systemy pomiarowe lab.',NULL,0,NULL),(2268,'Miernictwo i systemy pomiarowe wyk.',NULL,0,NULL),(2269,'Metody i narz. dosk. jakości wyk. e-lerning ',NULL,0,NULL),(2270,'Metody i narz. dosk. jakości proj.. e-lerning ',NULL,0,NULL),(2271,'Ekologia wyk.',NULL,0,NULL),(2272,'Ekologia lab.',NULL,0,NULL),(2273,'Sterowniki w układach napędowych i sterowania lab.',NULL,0,NULL),(2274,'Wprowadzenie do MES wyk.',NULL,0,NULL),(2275,'Systemy wbudowane w układach sterowania lab.',NULL,0,NULL),(2276,'Komputerowe wspomaganie obliczeń inżynierskich lab',NULL,0,NULL),(2277,'Modelowanie numeryczne zagadnień mechanicznych wyk',NULL,0,NULL),(2278,'Sterowniki w układach napędowych i sterowania wyk.',NULL,0,NULL),(2279,'Wprowadzenie do MES  ćw.',NULL,0,NULL),(2280,'Modelowanie numeryczne zagadnień mechanicznych lab',NULL,0,NULL),(2281,'Komputerowe wspomaganie obliczeń inżynierskich wyk',NULL,0,NULL),(2282,'Systemy wbudowane w układach sterowania wyk.',NULL,0,NULL),(2283,'Projektowanie procesów technologicznych proj.',NULL,0,NULL),(2284,'Napędy i sterowanie elek. i elek. maszyn wyk.',NULL,0,NULL),(2285,'Chwytaki napędy i czujniki w systemach mech. lab.',NULL,0,NULL),(2286,'Napędy i sterowanie elek. i elek. maszyn wyk. lab.',NULL,0,NULL),(2287,'Układy automatyki przemysłowej wyk.',NULL,0,NULL),(2288,'Chwytaki napędy i czujniki w systemach mech. wyk.',NULL,0,NULL),(2289,'Układy automatyki przemysłowej lab.',NULL,0,NULL),(2290,'Ekologia wyk.(1.5 godz. lekc.)',NULL,0,NULL),(2291,'Ekologia lab.(3 godz. lekc.)',NULL,0,NULL),(2292,'Napędy i ster. elek. maszyn wyk. (3 godz. lekc.)',NULL,0,NULL),(2293,'Tribologia lab.(1,5 godz. lekc.)',NULL,0,NULL),(2294,'Tech.mod. mech.lab.(3 godz. lekc.)',NULL,0,NULL),(2295,'Mod. geom. i struk. wyk.(1.5 godz. lekc.)',NULL,0,NULL),(2296,'Napędy i ster. elek. maszyn lab.(3 godz. lekc.)',NULL,0,NULL),(2297,'Sem. dyp. sem. (1.5 godz. lekc.)',NULL,0,NULL),(2298,'Tech.mod. mech. wyk.(1,5 godz. lekc.)',NULL,0,NULL),(2299,'Mod. geom. i struk. lab.(3 godz. lekc.)',NULL,0,NULL),(2300,'Tech. informacyjne wyk.(3 godz. lekc.)',NULL,0,NULL),(2301,'Zarz. środ. i BHP wyk.(1.5 godz. lekc.)',NULL,0,NULL),(2302,'Tribologia wyk.(1,5 godz. lekc.)',NULL,0,NULL),(2303,'Prow. dział. gosp. wyk.(1.5 godz. lekc.)',NULL,0,NULL),(2304,'Ster. PLC w uk. mech lab.(3 godz. lekc.)',NULL,0,NULL),(2305,'Prog. maszyn CNC lab.(3 godz. lekc.)',NULL,0,NULL),(2306,'Ster. PLC w uk. mech. wyk.(1.5 godz. lekc.)',NULL,0,NULL),(2307,'Prog. robotów lab.(3 godz. lekc.)',NULL,0,NULL),(2308,'Prog. maszyn CNC wyk.(1.5 godz. lekc.)',NULL,0,NULL),(2309,'Prog. robotów wyk.(1.5 godz. lekc.)',NULL,0,NULL),(2310,'Ster.i monit.urz.i proc.produk.lab.(3 godz.lekc)',NULL,0,NULL),(2311,'Ster.i monit.urz.i proc.produk.wyk.(1.5 godz.lekc)',NULL,0,NULL);
/*!40000 ALTER TABLE `main_subject` ENABLE KEYS */;
UNLOCK TABLES;

--
-- Table structure for table `main_teacher`
--

DROP TABLE IF EXISTS `main_teacher`;
/*!40101 SET @saved_cs_client     = @@character_set_client */;
/*!40101 SET character_set_client = utf8 */;
CREATE TABLE `main_teacher` (
  `id` int(11) NOT NULL AUTO_INCREMENT,
  `name` varchar(45) COLLATE utf8_polish_ci NOT NULL,
  `surname` varchar(45) COLLATE utf8_polish_ci NOT NULL,
  `degree` varchar(45) COLLATE utf8_polish_ci NOT NULL,
  `email` varchar(45) COLLATE utf8_polish_ci NOT NULL,
  `faculty_id` int(11) NOT NULL,
  `phone_number` varchar(12) COLLATE utf8_polish_ci NOT NULL,
  `room_id` int(11) DEFAULT NULL,
  PRIMARY KEY (`id`),
  KEY `main_teacher_751372a1` (`faculty_id`),
  KEY `main_teacher_c9f5884f` (`room_id`),
  CONSTRAINT `faculty_id_refs_id_eb31ab5a` FOREIGN KEY (`faculty_id`) REFERENCES `main_faculty` (`id`),
  CONSTRAINT `room_id_refs_id_1713a7a2` FOREIGN KEY (`room_id`) REFERENCES `main_room` (`id`)
) ENGINE=InnoDB AUTO_INCREMENT=912 DEFAULT CHARSET=utf8 COLLATE=utf8_polish_ci;
/*!40101 SET character_set_client = @saved_cs_client */;

--
-- Dumping data for table `main_teacher`
--

LOCK TABLES `main_teacher` WRITE;
/*!40000 ALTER TABLE `main_teacher` DISABLE KEYS */;
INSERT INTO `main_teacher` VALUES (712,'Tomasz','Walasek','Dr inż.','',62,'',NULL),(713,'Zbigniew','Domański','Prof. dr hab. inż.','',63,'',NULL),(714,'Mikhail','Matalytsky','Prof. dr hab.','',63,'',NULL),(715,'Norbert','Sczygiol','Prof. dr hab. inż.','',64,'',NULL),(716,'Adam','Bokota','Prof. dr hab. inż.','',64,'',NULL),(717,'Arkadiusz','Kociszewski','Dr inż.','',65,'',NULL),(718,'Elżbieta','Moryń-Kucharczyk','Dr inż.','',65,'',NULL),(719,'Bogdan','Posiadała','Prof. dr hab. inż.','',66,'',NULL),(720,'Wojciech','Sochacki','Dr hab. inż. prof. PCz','',66,'',NULL),(721,'Ludwik','Kania','Prof. dr hab. inż.','',66,'',NULL),(722,'Robert','Nowicki','Dr hab. inż. prof. PCz','',67,'',NULL),(723,'Roman','Wyrzykowski','Prof. dr hab. inż.','',64,'',NULL),(724,'Krzysztof','Sokół','Dr inż.','',66,'',NULL),(725,'Dawid','Cekus','Dr hab. inż.','',66,'',NULL),(726,'Prof.','P.Pachura','','',68,'',NULL),(727,'Beata','Karwowska','Dr','',80,'',NULL),(728,'Jolanta','Pozorska','Dr inż.','',63,'',NULL),(729,'Rafał','Scherer','Dr hab. inż. prof. PCz','',67,'',NULL),(730,'Jacek','Przybylski','Prof. dr hab. inż.','',66,'',NULL),(731,'Andrzej','Bogusławski','Dr hab. inż. prof. PCz','',65,'',NULL),(732,'Marcin','Kubiak','Dr inż.','',66,'',NULL),(733,'Sebastian','Uzny','Dr hab. inż. Prof. PCz','',66,'',NULL),(734,'Maciej','Marek','Dr inż.','',65,'',NULL),(735,'Piotr','Pełka','Dr inż.','',65,'',NULL),(736,'Szczepan','Śpiewak','Dr inż.','',66,'',NULL),(737,'Stanisław','Drobniak','Prof. dr hab. inż.','',65,'',NULL),(738,'Witold','Elsner','Dr hab. inż. prof. PCz','',65,'',NULL),(739,'Tomasz','Jaruga','Dr inż.','',62,'',NULL),(740,'Elżbieta','Bociąga','Prof. dr hab. inż.','',62,'',NULL),(741,'Paweł','Waryś','Dr inż.','',66,'',NULL),(742,'Andrzej','Piotrowski','Dr inż.','',62,'',NULL),(743,'Janusz','Starczewski','Dr hab. inż. prof. PCz','',67,'',NULL),(744,'Artur','Tyliszczak','Dr hab. inż.','',65,'',NULL),(745,'Dawid','Cekus','Dr hab. inż','',66,'',NULL),(746,'Adam','Gnatowski','Dr hab. inż.','',62,'',NULL),(747,'Tomasz','Geisler','Dr inż.','',66,'',NULL),(748,'Zygmunt','Kucharczyk','Dr inż.','',62,'',NULL),(749,'Edyta','Pawlak','Dr','',63,'',NULL),(750,'Urszula','Siedlecka','Dr','',63,'',NULL),(751,'Jarosław','Siedlecki','Dr','',63,'',NULL),(752,'Marcin','Nabrdalik','Dr inż.','',62,'',NULL),(753,'Jolanta','Lipińska','Dr','',63,'',NULL),(754,'Marek','Gucwa','Dr inż.','',62,'',NULL),(755,'Katarzyna','Szota','Dr','',63,'',NULL),(756,'Sandra','Topczewska','Mgr inż.','',66,'',NULL),(757,'Piotr','Rosikoń','Mgr inż.','',66,'',NULL),(758,'Dariusz','Kwiatkowski','Dr hab. inż. prof. PCz','',62,'',NULL),(759,'Adam','Gnatowski','Dr hab. inż. prof. PCz','',62,'',NULL),(760,'Krzysztof','Makles','Mgr inż.','',62,'',NULL),(761,'Przemysław','Postawa','Dr hab. inż.','',62,'',NULL),(762,'Mateusz','Chyra','Mgr inż.','',62,'',NULL),(763,'Tomasz','Derda','Dr inż.','',63,'',NULL),(764,'Marta','Bold','Mgr inż.','',66,'',NULL),(765,'Krzysztof','Kudła','Dr inż.','',62,'',NULL),(766,'Ewa','Węgrzyn-Skrzypczak','Dr inż.','',63,'',NULL),(767,'Wioletta.','Tuzikiewicz','Dr inż.','',63,'',NULL),(768,'Rafał','Kaczmarek','Mgr inż.','',62,'',NULL),(769,'Katarzyna','Freus','Dr','',63,'',NULL),(770,'Agnieszka','Kijo-Kleczkowska','Dr hab. inż. prof. PCz','',71,'',NULL),(771,'Jadwiga','Kidawa-Kukla','Dr inż.','',66,'',NULL),(772,'Dariusz','Urbaniak','Dr inż.','',65,'',NULL),(773,'Andrzej','Zaborski','Dr hab. inż.','',62,'',NULL),(774,'Michał','Gruca','Dr inż.','',65,'',NULL),(775,'Włodzimierz','Baranowski','Dr inż.','',62,'',NULL),(776,'Piotr','Domagała','Dr inż.','',65,'',NULL),(777,'Marian','Wysocki','Dr inż.','',71,'',NULL),(778,'Wiesława','Piekarska','Dr hab. inż. prof. PCz','',66,'',NULL),(779,'Monika','Kosowska-Golachowska','Dr inż.','',65,'',NULL),(780,'Marian','Wysocki','Dr inż.','',65,'',NULL),(781,'Ryszard','Wolny','Dr inż.','',62,'',NULL),(782,'Leszek','Sowa','Dr inż.','',66,'',NULL),(783,'Stanisław','Szwaja','Dr hab. inż. prof. PCz','',65,'',NULL),(784,'Arkadiusz','Jamrozik','Dr inż.','',65,'',NULL),(785,'Arkadiusz','Kociszewszki','Dr inż.','',65,'',NULL),(786,'Artur','Dróżdż','Dr inż.','',65,'',NULL),(787,'Janusz','Grzelka','Dr hab. inż','',65,'',NULL),(788,'Andrzej','Bogusławski','Dr inż prof. PCz','',65,'',NULL),(789,'H1-7','s.','/IMC/ i s. 112','',65,'',NULL),(790,'Daniel','Zbroński','Dr inż.','',65,'',NULL),(791,'Renata','Gnatowska','Dr inż.','',65,'',NULL),(792,'Michał','Pyrc','Dr inż.','',65,'',NULL),(793,'Henryk','Otwinowski','Dr hab. inż. prof. PCz','',65,'',NULL),(794,'Mariusz','Księżyk','Mgr inż.','',65,'',NULL),(795,'Sylwia','Lara-Dziembek','Dr','',72,'',NULL),(796,'Elżbieta','Gawrońska','Dr','',64,'',NULL),(797,'Henryk','Piech','Prof. dr hab. inż.','',64,'',NULL),(798,'Mirosław','Kurkowski','Dr','',64,'',NULL),(799,'Artur','Jakubski','Dr','',64,'',NULL),(800,'Włodzimierz','Baranowski','Dr inż.','',73,'',NULL),(801,'Olga','Siedlecka-Lamch','Dr inż.','',64,'',NULL),(802,'Wojciech','Okularczyk','Dr inż.','',62,'',NULL),(803,'Anita','Ciekot','Dr inż.','',63,'',NULL),(804,'Jacek','Smoląg','Dr inż.','',67,'',NULL),(805,'Robert','Cierniak','Dr hab. inż. prof. PCz','',67,'',NULL),(806,'Piotr','Puchała','Dr','',63,'',NULL),(807,'Jarosław','Bilski','Dr hab. inż.','',67,'',NULL),(808,'Łukasz','Szustak','Dr inż.','',64,'',NULL),(809,'Janusz','Grzelka','Dr hab. inż.','',65,'',NULL),(810,'Jacek','Piątkowski','Dr inż.','',64,'',NULL),(811,'Oleg','Tikhonenko','Prof. dr hab.','',63,'',NULL),(812,'Krzysztof','Rojek','Dr inż.','',64,'',NULL),(813,'Łukasz','Laskowski','Dr inż.','',67,'',NULL),(814,'Łukasz','Kuczyński','Dr inż.','',64,'',NULL),(815,'Michał','Knaś','Mgr inż.','',67,'',NULL),(816,'Katarzyna','Środa','Mgr inż.','',65,'',NULL),(817,'Łukasz','Bartczuk','Dr inż.','',67,'',NULL),(818,'Artur','Starczewski','Dr inż.','',67,'',NULL),(819,'Janusz','Bobulski','Dr inż.','',64,'',NULL),(820,'Mariusz','Kubanek','Dr inż.','',64,'',NULL),(821,'Robert','Dyja','Dr inż.','',64,'',NULL),(822,'Robert','Perliński','Dr inż.','',64,'',NULL),(823,'Wojciech','Mleczko','Mgr inż.','',67,'',NULL),(824,'Jacek','Szczypta','Mgr inz.','',63,'',NULL),(825,'Marcin','Gabryel','Dr inż.','',67,'',NULL),(826,'Kwiryn','Wojsyk','Dr inż.','',62,'',NULL),(827,'Grzegorz','Michalski','Dr inż.','',64,'',NULL),(828,'Jerzy','Jelonkiewicz','Dr inż.','',67,'',NULL),(829,'Tomasz','Olas','Dr inż.','',64,'',NULL),(830,'Jerzy','Jelonkiewicz','Dr inż.','',74,'',NULL),(831,'Wojciech','Różycki','Mgr','',64,'',NULL),(832,'Andrzej','Grosser','Dr inż.','',64,'',NULL),(833,'Pavel','Sevastsyanau','Prof. dr hab. inż.','',64,'',NULL),(834,'Liudmila','Dymava','Prof. dr hab. inż','',64,'',NULL),(835,'Piotr','Dziwiński','Dr inż.','',67,'',NULL),(836,'Marcin','Korytkowski','Dr inż.','',67,'',NULL),(837,'Leszek','Rutkowski','Prof. dr hab. inż.','',67,'',NULL),(838,'Sebastian','Freus','Dr','',64,'',NULL),(839,'Danuta','Rutkowska','Prof. dr hab. inż.','',67,'',NULL),(840,'Tomasz','Gałkowski','Dr inż.','',67,'',NULL),(841,'Arkadiusz','Kępa','Dr inż.','',65,'',NULL),(842,'Janusz','Szyprowski','Dr n.','',75,'',NULL),(843,'Aneta','Idziak-Jabłońska','Dr inż.','',62,'',NULL),(844,'Tomasz','Kaczmarzyk','Dr','',81,'',NULL),(845,'Adam','Kulawik','Dr inż.','',64,'',NULL),(846,'Tomasz','Domański','Dr inż.','',66,'',NULL),(847,'Michał','Tagowski','Dr inż.','',62,'',NULL),(848,'Michał','Sobociński','Dr inż.','',62,'',NULL),(849,'Wojciech','Więckowski','Dr inż.','',62,'',NULL),(850,'Borys','Borowik','Dr inż.','',62,'',NULL),(851,'Arkadiusz','Szarek','Dr inż.','',62,'',NULL),(852,'Bogusław','Kukuryk','Dr hab. inż. prof. PCz','',62,'',NULL),(853,'Marek','Kęsy','Dr inż.','',62,'',NULL),(854,'Lena','Łacińska','Dr','',63,'',NULL),(855,'Bohdan','Kopytko','Prof. dr hab.','',63,'',NULL),(856,'Maria','Lupa','Dr','',63,'',NULL),(857,'Stanisław','Kukla','Prof. dr hab.','',63,'',NULL),(858,'Nadyia','Gubareni','Dr hab. prof. PCz','',63,'',NULL),(859,'Małgorzata','Klimek','Dr hab. inż. prof. PCz','',63,'',NULL),(860,'Jolanta','Borowska','Dr','',63,'',NULL),(861,'Andrzej','Grzybowski','Dr hab. inż. prof. PCz','',63,'',NULL),(862,'Marek','Ładyga','Dr','',63,'',NULL),(863,'Tomasz','Błaszczyk','Dr','',63,'',NULL),(864,'Grzegorz','Biernat','Dr','',63,'',NULL),(865,'Marek','Błasik','Dr inż.','',63,'',NULL),(866,'Wiesław','Królikowski','Dr','',63,'',NULL),(867,'Rafał','Gołębski','Dr inż.','',62,'',NULL),(868,'Piotr','Paszta','Dr inż.','',62,'',NULL),(869,'Marcin','Nabrdalik','Dr inż','',62,'',NULL),(870,'Aneta','Idziak-Jabłońska','Dr','',76,'',NULL),(871,'Piotr','Stryjewski','Mgr inż.','',62,'',NULL),(872,'Tomasz','Skrzypczak','Dr inż.','',66,'',NULL),(873,'Adam','Kępiński','Mgr inż.','',65,'',NULL),(874,'Mariusz','Księżyk','Mgr inż','',65,'',NULL),(875,'Katarzyna','Czech-Dudek','Dr inż.','',62,'',NULL),(876,'Aleksandra','Górecka-Zbrońska','Dr inż.','',65,'',NULL),(877,'Jerzy','Winczek','Dr hab. inż. prof. PCz','',66,'',NULL),(878,'Agnieszka','Pawłowska','Mgr inż.','',65,'',NULL),(879,'Piotr','Boral','Dr inż.','',62,'',NULL),(880,'Tadeusz','Nieszporek','Dr hab. inż. prof. PCz','',62,'',NULL),(881,'Arkadiusz','Kępa','dr inż','',65,'',NULL),(882,'Wojciech','Tutak','Dr inż.','',65,'',NULL),(883,'Andrzej','Rygałło','Dr inż.','',62,'',NULL),(884,'Ilona','Cieślińska-Gąsior','Mgr inż.','',66,'',NULL),(885,'Mateusz','Tomala','Mgr inż.','',66,'',NULL),(886,'Jacek','Nabiałek','Dr inż.','',62,'',NULL),(887,'Michał','Modławski','Mgr inż','',62,'',NULL),(888,'Jan','Plewniak','Dr inż.','',62,'',NULL),(889,'Robert','Bęczkowski','Dr inż.','',62,'',NULL),(890,'Ireneusz','Zawłocki','Dr inż.','',66,'',NULL),(891,'Justyna','Wiktorowicz','Mgr inż.','',66,'',NULL),(892,'Dariusz','Asendrych','Dr inż.','',65,'',NULL),(893,'Dariusz','Asendrych','Dr hab. inż. prof. PCz','',65,'',NULL),(894,'Adam','Dużyński','Dr inż.','',65,'',NULL),(895,'Tadeusz','Złoto','Dr hab. inż. prof. PCz','',62,'',NULL),(896,'Karol','Wawrzak','Mgr inż.','',65,'',NULL),(897,'Janusz','Szmidla','Dr hab. inż. prof. PCz','',77,'',NULL),(898,'Ryszard','Krawczyk','Dr inż.','',62,'',NULL),(899,'Jacek','Słania','Dr hab. inż. prof. PCz','',62,'',NULL),(900,'Tomasz','Stachowiak','Dr inż.','',62,'',NULL),(901,'Marek','Kęsy','Dr inż','',62,'',NULL),(902,'Michał','Sobiepański','Dr inż.','',78,'',NULL),(903,'Zygmunt','Kucharczyk','','',62,'',NULL),(904,'Paweł','Palutkiewicz','Dr inż.','',62,'',NULL),(905,'Monika','Kosowska-Golachowska','Dr inż. ','',65,'',NULL),(906,'Grzegorz','Grodzki','Dr inż.','',64,'',NULL),(907,'Tomasz','Walasek','Dr inż.','',73,'',NULL),(908,'Andrzej','Przybył','Dr inż.','',67,'',NULL),(909,'Michał','Tagowski','Dr inż.','',79,'',NULL),(910,'Agnieszka','Rosiak','Mgr inż.','',65,'',NULL),(911,'Marcin','Kukuryk','Dr inż.','',62,'',NULL);
/*!40000 ALTER TABLE `main_teacher` ENABLE KEYS */;
UNLOCK TABLES;

--
-- Table structure for table `south_migrationhistory`
--

DROP TABLE IF EXISTS `south_migrationhistory`;
/*!40101 SET @saved_cs_client     = @@character_set_client */;
/*!40101 SET character_set_client = utf8 */;
CREATE TABLE `south_migrationhistory` (
  `id` int(11) NOT NULL AUTO_INCREMENT,
  `app_name` varchar(255) COLLATE utf8_polish_ci NOT NULL,
  `migration` varchar(255) COLLATE utf8_polish_ci NOT NULL,
  `applied` datetime NOT NULL,
  PRIMARY KEY (`id`)
) ENGINE=InnoDB AUTO_INCREMENT=2 DEFAULT CHARSET=utf8 COLLATE=utf8_polish_ci;
/*!40101 SET character_set_client = @saved_cs_client */;

--
-- Dumping data for table `south_migrationhistory`
--

LOCK TABLES `south_migrationhistory` WRITE;
/*!40000 ALTER TABLE `south_migrationhistory` DISABLE KEYS */;
INSERT INTO `south_migrationhistory` VALUES (1,'main','0001_initial','2014-10-04 15:52:27');
/*!40000 ALTER TABLE `south_migrationhistory` ENABLE KEYS */;
UNLOCK TABLES;
/*!40103 SET TIME_ZONE=@OLD_TIME_ZONE */;

/*!40101 SET SQL_MODE=@OLD_SQL_MODE */;
/*!40014 SET FOREIGN_KEY_CHECKS=@OLD_FOREIGN_KEY_CHECKS */;
/*!40014 SET UNIQUE_CHECKS=@OLD_UNIQUE_CHECKS */;
/*!40101 SET CHARACTER_SET_CLIENT=@OLD_CHARACTER_SET_CLIENT */;
/*!40101 SET CHARACTER_SET_RESULTS=@OLD_CHARACTER_SET_RESULTS */;
/*!40101 SET COLLATION_CONNECTION=@OLD_COLLATION_CONNECTION */;
/*!40111 SET SQL_NOTES=@OLD_SQL_NOTES */;

-- Dump completed on 2014-10-05 11:57:15
